Index,Business Name,Business Industry,Business Description,Client,Gender,Location,Business Overview,How It All Started,A Typical Day,Why I Need Your Help,Client Vision,Keywords,BG Image,Avatar Image
1,Truck Stop,Food & Beverage,A café specialising in American-style comfort food and classic desserts.,Jack Morrison,M,"Sydney, Australia","Truck Stop is a new café serving authentic American-style comfort food and classic desserts. We want to create a place where people can slow down, enjoy generous meals and experience the welcoming atmosphere of the roadside diners that inspired us. Every meal is prepared fresh, with a focus on quality ingredients and friendly service.","After spending more than twenty years driving trucks across America, I found that my favourite memories weren't the destinations, they were the little roadside diners where everyone was welcomed like family. Those places had character, great food and unforgettable stories. When I decided to leave life on the road, I knew I wanted to recreate that experience for others. Truck Stop is the beginning of that dream.","Every morning starts with preparing fresh ingredients before opening our doors. Throughout the day we welcome families, office workers, road trippers and friends looking for a satisfying meal. Our kitchen is always busy, with burgers sizzling on the grill and milkshakes being made to order. Although we are just getting started, we hope every customer leaves with a smile and a reason to come back.","We're preparing to launch our very first café, but we still need a brand identity that tells our story. I want people to recognise our business before they even step inside. A memorable logo and website will help introduce Truck Stop to our local community and encourage new customers to give us a try.",I want Truck Stop to become the place people recommend whenever someone asks where to find great comfort food and genuine hospitality.,"american diner, roadside, route 66, comfort food, burgers, vintage, hospitality, family, retro, welcoming",cafe,m1
2,Hibern8,Fashion & Apparel,"A fashion brand specialising in ski and snow apparel designed for warmth, comfort and outdoor performance.",Emma Collins,F,"Sydney, Australia","Hibern8 is a new clothing brand designing ski and snow apparel for people who love exploring the mountains. Our range includes insulated jackets, snow pants, gloves, beanies and accessories that combine performance with everyday style. We want customers to feel prepared for every adventure, no matter their experience level.","I have always loved skiing and snowboarding, but I could never find clothing that balanced comfort, durability and modern style. After years on the slopes, I decided to design my own collection with products I would genuinely enjoy wearing. Hibern8 was created for people who see winter as something to embrace rather than avoid.","Most mornings are spent testing new products, speaking with suppliers and preparing online orders. Whenever possible, I head into the mountains to see how our gear performs in real conditions. Every decision we make is guided by the idea that our products should help people enjoy winter with confidence.","As a new business, we are about to launch online but haven't developed our brand identity yet. I want customers to instantly recognise what Hibern8 stands for and feel inspired to start their next adventure the moment they visit our website.","I hope Hibern8 becomes a trusted name for people who love snow, mountains and outdoor adventure.","ski, snow, alpine, winter, mountains, adventure, performance, outdoor, exploration, resilience",ski shop,f1
3,SeaSides,Food & Beverage,"A seafood restaurant specialising in fresh, locally sourced seafood and relaxed coastal dining.",Michael Tan,M,"Sydney, Australia","SeaSides is a new seafood restaurant serving freshly prepared meals using locally sourced seafood whenever possible. Our menu celebrates coastal flavours and simple cooking that lets fresh ingredients shine. We want dining with us to feel relaxed, welcoming and memorable.",Growing up near the coast meant seafood was always part of family celebrations. Some of my happiest memories were spent cooking with my parents after returning from the local fish market. Those experiences inspired me to open SeaSides and share that same appreciation for fresh seafood with others.,"Each morning begins with selecting the freshest seafood available before preparing the day's menu. Lunch brings families and tourists, while evenings are filled with couples and friends enjoying meals together. Every plate leaving our kitchen reflects our passion for fresh ingredients and friendly service.","Although we are excited to open our doors, we know that first impressions matter. We need a strong brand and website that captures the freshness of our food and encourages customers to visit us instead of simply walking past.",I want SeaSides to become the restaurant people think of whenever they want fresh seafood shared with family and friends.,"seafood, ocean, coast, waves, harbour, freshness, maritime, local catch, relaxed, waterfront",restaurant,m2
4,NightShift,Food & Beverage,A late-night restaurant specialising in gourmet meals and dining after normal restaurant hours.,Sophia Nguyen,F,"Sydney, Australia","NightShift is a new restaurant serving gourmet meals well after most restaurants have closed. We specialise in high-quality food for shift workers, travellers and anyone looking for an exceptional late-night dining experience.","After years working evening shifts, I realised how difficult it was to find somewhere serving more than fast food after midnight. I wanted to create a restaurant where people could enjoy beautifully prepared meals regardless of the time of day. That's how NightShift was born.","Our afternoons begin with preparing fresh ingredients before opening in the evening. As the city gets quieter, our restaurant comes alive with hospitality workers finishing their shifts, travellers arriving late and groups of friends looking for somewhere different to eat. Every night has its own energy, and we love being part of it.","Since we are launching a completely new concept, we need a visual identity that helps customers understand what makes us different. Our website should create curiosity and encourage people to experience dining after dark.",I want NightShift to become the city's favourite destination for unforgettable late-night dining.,"late night, gourmet, nightlife, city, after-hours, atmosphere, premium, modern, urban, evening",pub,f2
5,Mr Thomas,Pet Care,A pet-care brand specialising in premium organic food and treats made for cats.,Thomas Greene,M,"Sydney, Australia","Mr Thomas is a new company producing premium organic food and treats made specifically for cats. We focus on simple, natural ingredients that support healthy and happy pets without unnecessary additives or artificial flavours.","My rescue cat, Thomas, suffered from ongoing health problems, and I quickly realised how difficult it was to find food made from genuinely natural ingredients. After learning more about pet nutrition, I began developing recipes myself. What started as a way to help one cat eventually became the inspiration for an entire business.",Every day begins by carefully preparing small batches of cat food while testing new recipes and working closely with local suppliers. I spend a lot of time talking with pet owners because understanding their experiences helps me continue improving our products.,"We're preparing to introduce our products to the market, but we don't yet have a brand that reflects the care and attention behind everything we make. I need a logo and website that help build trust with pet owners from the very beginning.",I hope Mr Thomas becomes the brand cat owners choose when they want to give their pets the very best care possible.,"cats, organic, nutrition, natural, wellbeing, caring, healthy, premium, pet food, trust",cat shop,m3
6,Taylor Adams,Food & Beverage,A craft brewery specialising in small-batch beers made with carefully selected ingredients.,Taylor Adams,F,"Sydney, Australia","Taylor Adams is a new craft brewery producing small-batch beers made with carefully selected ingredients. Our range includes classic lagers, pale ales, IPAs and seasonal brews, all created with a focus on quality, flavour and craftsmanship. We want people to enjoy beer that feels personal rather than mass-produced.","Brewing started as a weekend hobby with a few friends experimenting in my garage. Over time, people began asking if they could buy our beer, and what started as a passion project slowly grew into a business. I have always believed that great beer comes from patience, creativity and paying attention to every small detail, so starting my own brewery felt like the natural next step.","Most mornings begin with checking fermentation tanks, preparing ingredients and planning the next brewing schedule. Afternoons are spent tasting new recipes, meeting suppliers and packaging finished products. Every batch teaches us something new, and we are constantly refining our craft while preparing for our official launch.","As a new brewery, we know our products need a memorable identity that stands out on crowded shelves. We need branding and a website that communicate our passion for handcrafted beer while encouraging people to discover our story behind every bottle.","I want Taylor Adams to become known as a brewery that values craftsmanship, creativity and quality above everything else.","craft beer, brewery, hops, artisan, handcrafted, heritage, authentic, small batch, premium, tradition",beer,f3
7,4Paws,Pet Care,"A pet shop specialising in practical, durable food, toys, bedding and accessories for companion animals.",Sarah Lewis,F,"Sydney, Australia","4Paws is a new pet store offering carefully selected food, toys, bedding and accessories for dogs, cats and small animals. Rather than stocking everything, we focus on products that are practical, durable and genuinely improve the lives of pets and their owners.","Growing up, our family home always had animals, and I quickly learnt that pets become part of the family. After years working in retail, I wanted to create a pet shop where people could receive honest advice and find products they could trust. Starting 4Paws allows me to combine my love of animals with helping other pet owners.","Every morning begins by unpacking deliveries, arranging shelves and making sure every product is ready for customers. Throughout the day I spend as much time talking with pet owners as I do selling products, because understanding their pets helps me recommend the right solutions. No two days are ever the same, and that's one of the things I enjoy most.","Since we are preparing to open, we need a friendly and memorable brand that reflects our passion for animals. I want our website to make customers feel welcome and confident that they'll find products their pets will love.",I hope 4Paws becomes the first place local families think of whenever they need something for their pets.,"pets, dogs, cats, family, companionship, care, playful, happiness, loyalty, friendly",pet shop,f4
8,Seed,Pet Care,A pet-care brand specialising in premium organic food for pet birds and bird enthusiasts.,Daniel Foster,M,"Sydney, Australia",Seed is a new business producing premium organic bird food for pet birds and native wildlife enthusiasts. We carefully blend natural ingredients to support healthy diets while encouraging responsible bird care and appreciation for nature.,"My interest in birds began as a child, spending weekends watching native birds with my grandfather. As I learnt more about bird nutrition, I realised there were very few high-quality organic options available. I decided to develop my own blends using natural ingredients and eventually turned that passion into Seed.","Most days begin by preparing fresh batches of bird feed and checking the quality of every ingredient before packaging. I also spend time researching different bird species and talking with customers about the birds they care for, helping me improve future products and learn more about their needs.","As a new business, we need branding that reflects our commitment to nature and healthy bird nutrition. I want our website to help people understand why choosing quality food makes a difference while introducing them to our products in a welcoming way.",I hope Seed inspires more people to care for birds while becoming a trusted name for premium bird nutrition.,"birds, nature, organic, wildlife, nutrition, freedom, growth, healthy, environment, natural",organic food,m4
9,PerfectDay,Fashion & Apparel,A bridal fashion business specialising in handcrafted wedding dresses for elegant celebrations.,Isabella Rossi,F,"Sydney, Australia","PerfectDay is a new bridal boutique creating handcrafted wedding dresses designed to celebrate one of life's most memorable occasions. Every dress is carefully made with attention to detail, allowing each bride to feel confident, comfortable and uniquely herself.","I have loved fashion and dressmaking for as long as I can remember. Designing my sister's wedding dress showed me how meaningful a handmade gown could be, and seeing her confidence on her wedding day inspired me to start my own bridal business. I wanted every bride to have that same experience.","Each day is spent sketching new ideas, selecting fabrics, meeting brides and carefully adjusting every dress to ensure the perfect fit. Every design is different because every wedding tells its own story, and I enjoy creating dresses that reflect each person's personality and style.","As we prepare to launch, we need a brand that communicates the care and craftsmanship behind every dress. Our website should help future brides feel excited, inspired and confident enough to book their first appointment with us.",I want PerfectDay to become a name that brides remember as part of one of the happiest days of their lives.,"wedding, bridal, elegance, romance, luxury, celebration, beauty, handcrafted, timeless, love",wedding dress,f5
10,The Urban Explorer,Fashion & Apparel,A fashion brand specialising in casual men's clothing designed for modern city lifestyles.,Ethan Brooks,M,"Sydney, Australia","The Urban Explorer is a new clothing brand creating casual men's fashion designed for everyday city life. Our collection combines comfort, practicality and modern style, making it easy to move between work, travel and weekends without changing your wardrobe.","Living in a busy city meant I was always looking for clothing that looked smart but still felt comfortable enough for everyday life. After years of struggling to find that balance, I decided to design my own collection. The Urban Explorer was created for people who enjoy discovering new places while expressing their own personal style.","My mornings are usually spent reviewing new clothing samples, meeting manufacturers and planning future collections. Afternoons often involve photographing products, managing online orders and listening to customer feedback to improve future designs. Every decision is focused on creating clothing people genuinely enjoy wearing.","We're preparing to launch our first collection, but we need a brand identity that captures the lifestyle behind our clothing. I want customers to recognise us as more than just another fashion label, we are building a brand that celebrates confidence, curiosity and modern living.","I hope The Urban Explorer becomes the clothing brand people choose whenever they're ready for their next adventure, whether it's across the city or around the world.","menswear, city, modern, travel, casual, confidence, adventure, movement, versatility, lifestyle",cloth shop (m),m5
11,My Wedding Cake,Bakery,A bakery specialising in handcrafted wedding cakes for celebrations and special occasions.,Grace Parker,F,"Sydney, Australia","My Wedding Cake is a new bakery specialising in handcrafted wedding cakes designed to become the centrepiece of every celebration. From elegant single-tier designs to elaborate custom creations, every cake is made using premium ingredients and personalised to reflect each couple's story and style.","Baking has always been my favourite way of celebrating life's special moments. After years of creating cakes for family and friends, I realised I wanted to turn that passion into a business. Weddings are filled with unforgettable memories, and I love knowing that one of my cakes can become part of a couple's happiest day.","Every morning begins with baking fresh cake layers before carefully decorating each order by hand. Some days are spent meeting couples to discuss ideas, while others are filled with piping delicate details or delivering finished cakes to wedding venues. No two cakes are ever the same, and that's what makes every day exciting.","As a new business, I need a visual identity that reflects the creativity and care behind every cake. I want my website to inspire couples, showcase my work and encourage them to book a consultation with confidence.",I want My Wedding Cake to become one of the first names couples think of when planning a wedding they'll never forget.,"wedding, cake, celebration, elegance, handcrafted, romance, creativity, sweetness, premium, occasion",cake shop,f6
12,Mr Formal,Fashion & Apparel,"A menswear business specialising in tuxedos and formalwear with a tailored, polished style.",Richard Evans,M,"Sydney, Australia","Mr Formal is a new menswear boutique offering tuxedos, suits and formal accessories for weddings, graduations, business events and special occasions. We focus on helping customers look their best through quality tailoring and timeless style.","I have always believed that the right suit can completely change how someone feels about themselves. After working in menswear for several years, I wanted to create a store where choosing formal clothing felt comfortable instead of intimidating. That's how Mr Formal came to life.","Most mornings begin by preparing new arrivals and organising fittings with customers. Throughout the day I help people choose suits that match their event, making adjustments where needed to ensure every customer leaves feeling confident and comfortable. Seeing someone's confidence grow after finding the perfect outfit is the most rewarding part of my job.","Since we are preparing to open, we need branding that reflects professionalism without feeling old-fashioned. I want our website to make formalwear feel approachable while showing customers that quality and attention to detail matter.",I hope Mr Formal becomes the trusted destination for people celebrating life's biggest milestones.,"tuxedo, tailoring, formalwear, sophistication, elegance, luxury, classic, timeless, confidence, refinement",formal wear,m6
13,Dino,Toys & Gifts,"A children's toy and gift business specialising in dinosaur-themed merchandise, toys and educational products.",Lucy Morgan,F,"Sydney, Australia","Dino is a new brand creating dinosaur-themed toys, clothing, books and gifts for children who love adventure and discovery. Our products are designed to inspire imagination while making learning about prehistoric life fun and exciting.","As a primary school teacher, I noticed how fascinated children were whenever dinosaurs appeared in a lesson. I wanted to create products that encouraged curiosity beyond the classroom while making learning feel like play. That idea eventually grew into Dino.","Every day is filled with sketching new product ideas, testing toys, reviewing illustrations and working with suppliers to create exciting merchandise. I also spend time speaking with parents and teachers to better understand what inspires children's creativity and imagination.","We're launching our very first product range and need branding that immediately captures the excitement and adventure our products offer. Our website should encourage children and parents to explore, learn and have fun together.",I want Dino to become a brand that inspires curiosity and makes learning an exciting adventure for every child.,"dinosaurs, children, adventure, discovery, imagination, education, prehistoric, fun, exploration, creativity",dino shop,f7
14,Butterfly Garden,Home & Garden,A home and garden business specialising in decorative plant pots for indoor and outdoor spaces.,Chloe Bennett,F,"Sydney, Australia","The Butterfly Garden is a new home and garden business creating handcrafted decorative plant pots inspired by flowers, butterflies and the beauty of nature. Each pot is individually designed to help people bring a little more life and colour into their homes and gardens.","Gardening has always been my favourite way to relax after a busy week. While learning pottery as a hobby, I began making decorative pots for my own plants, and friends soon started asking if they could buy them too. Before long, I realised I could combine both passions into a business that celebrates creativity and nature.","Most mornings begin in my workshop shaping clay before painting each pot by hand. Afternoons are spent caring for my garden, experimenting with new designs and photographing finished products ready for sale. Every new plant and flower I discover inspires another idea for my next collection.","As I'm preparing to launch my business, I need branding that reflects the peaceful and creative spirit behind my products. I want my website to encourage people to imagine how these handmade pieces could brighten their own homes and gardens.","I hope The Butterfly Garden becomes a brand people associate with creativity, nature and beautifully handcrafted home décor.","butterflies, flowers, gardening, botanical, nature, handmade, creativity, peaceful, growth, home décor",plant pots,f8
15,Unbreakable,Home & Living,"A homewares business specialising in durable, reusable plastic dinnerware and cutlery for everyday and outdoor use.",David Wilson,M,"Sydney, Australia","Unbreakable is a new company producing durable reusable dinnerware and cutlery designed for families, outdoor dining, camping and everyday living. Our products are lightweight, practical and built to withstand years of regular use without sacrificing style.","The idea came after watching my young children accidentally break another set of dinner plates during a family barbecue. Instead of buying replacements again, I started looking for stronger alternatives that still looked great on the table. When I couldn't find exactly what I wanted, I decided to create them myself.","My days are spent reviewing product designs, testing new materials and making sure every item meets our quality standards before production begins. I also enjoy talking with families and outdoor enthusiasts to learn how our products fit into their everyday lives and where we can continue improving them.","We're almost ready to introduce our first product range, but we need branding that reflects both durability and modern living. Our website should help customers understand that practical products can still look stylish and become part of everyday family life.",I want Unbreakable to become the brand people trust whenever they need tableware that's made to last.,"durability, strength, reliability, practical, reusable, family, outdoor, resilience, modern, everyday",cutlery,m7
16,Pretty Ones,Fashion & Apparel,A fashion brand specialising in clothing and accessories for teenage girls.,Jessica Hall,F,"Sydney, Australia","The Pretty Ones is a new fashion brand creating stylish clothing and accessories for teenage girls who love expressing their personalities through what they wear. Our collections are designed to be fashionable, affordable and easy to mix and match, helping customers feel confident whether they're at school, shopping with friends or celebrating special occasions.","Fashion has always been my way of expressing creativity. Growing up, I loved putting together outfits that reflected my personality, but it wasn't always easy to find trendy clothing that was affordable. I decided to create a brand that helps young people feel confident and comfortable without having to compromise on style or individuality.","Every day begins with reviewing fashion trends, sketching new collections and selecting fabrics for upcoming designs. Afternoons are spent photographing products, creating outfit combinations and preparing online orders. Social media also plays a big part in connecting with customers and discovering what styles they're excited to see next.","Since we are launching our very first collection, we need branding that captures the excitement and personality of our clothing. I want our website to inspire visitors, showcase complete outfit ideas and make shopping feel fun and effortless.",I hope The Pretty Ones becomes a fashion brand that encourages young people to express themselves with confidence and creativity.,"fashion, youth, confidence, trends, style, expression, colourful, individuality, social, modern",cloth shop (f),f9
17,FruitLoops,Food & Beverage,"A beverage business specialising in fresh fruit juice for an active, health-conscious lifestyle.",Olivia Chen,F,"Sydney, Australia","FruitLoops is a new juice bar serving freshly made fruit juices, smoothies and healthy drinks prepared from quality ingredients. Every drink is made to order using fresh fruit, with a focus on providing refreshing flavours that fit into an active and healthy lifestyle.","I have always believed that healthy food should be enjoyable rather than boring. After experimenting with different fruit combinations at home, friends kept asking where they could buy my juices. That inspired me to turn a simple hobby into a business that helps people enjoy fresh, natural drinks every day.","Each morning starts before sunrise at the local fruit market, selecting the freshest produce available. Once the shop opens, every order is blended fresh while customers watch. Throughout the day we are constantly preparing fruit, experimenting with seasonal flavours and chatting with customers about their favourites.","As a new business, we need branding that reflects the freshness and energy behind every drink we serve. I want our website to make people feel refreshed before they've even taken their first sip and encourage them to visit us.",I hope FruitLoops becomes the first place people think of whenever they want a delicious and refreshing healthy drink.,"fruit juice, freshness, healthy, vibrant, energy, refreshing, natural, wellbeing, colourful, active",juice shop,f10
18,Orange Apple,Food & Grocery,"A food retailer specialising in fresh, seasonal fruit sourced from local growers.",Ben Carter,M,"Sydney, Australia","Orange Apple is a new fruit shop offering fresh seasonal fruit sourced from local growers whenever possible. We carefully select produce based on quality and freshness, giving customers access to delicious fruit while supporting nearby farming communities.","My grandparents owned a small orchard, and some of my favourite childhood memories were spent picking fruit straight from the trees. Those experiences taught me to appreciate fresh produce and the hard work of local farmers. Opening Orange Apple is my way of sharing that appreciation with others while supporting the growers who make it possible.","Every morning begins by collecting fresh deliveries from local suppliers before carefully arranging the fruit to showcase its colour and freshness. Throughout the day I enjoy helping customers choose seasonal produce, introducing them to new varieties and sharing simple ideas for enjoying fresh fruit at home.","Since we are just opening our doors, we need a brand identity that communicates freshness, quality and our connection with local farmers. I want our website to encourage customers to shop locally and discover the variety of produce we offer throughout the year.",I hope Orange Apple becomes the neighbourhood fruit shop people trust for fresh produce and friendly service.,"fruit, orchard, farm, freshness, seasonal, local growers, healthy, community, natural, produce",fruit shop,m8
19,Sunlover,Fashion & Accessories,A fashion-accessories business specialising in stylish sunglasses for outdoor and coastal lifestyles.,Mia Roberts,F,"Sydney, Australia","Sunlover is a new eyewear brand designing stylish sunglasses for people who enjoy spending time outdoors. Our collection combines everyday comfort with quality lenses and modern designs, making them suitable for everything from relaxing at the beach to exploring new destinations.","Living near the coast meant I spent almost every weekend outdoors, but I struggled to find sunglasses that balanced comfort, durability and style. After years of searching, I decided to create my own collection inspired by the Australian lifestyle and the sunshine that brings so many people outside.","Most mornings are spent reviewing new frame designs, testing materials and working with manufacturers to ensure every pair meets our quality standards. Afternoons often involve photographing products outdoors, preparing online orders and planning future collections inspired by travel and coastal living.","As a new brand, we need a visual identity that immediately reflects the lifestyle our products represent. I want our website to inspire customers to get outside, enjoy the sunshine and see our sunglasses as an essential part of every adventure.",I hope Sunlover becomes a recognised lifestyle brand that reminds people to enjoy every sunny day to the fullest.,"sunglasses, sunshine, beach, summer, outdoors, travel, freedom, fashion, protection, coastal",sunglasses,f11
20,Taste of Tuscany,Food & Beverage,"An Italian restaurant specialising in traditional Tuscan food, handmade dishes and warm hospitality.",Marco Bianchi,M,"Sydney, Australia","Taste of Tuscany is a new Italian restaurant serving handmade pasta, wood-fired pizza and traditional family recipes inspired by the Tuscany region of Italy. Every meal is prepared using fresh ingredients to create an authentic dining experience that brings people together around the table.",I grew up watching my grandparents cook traditional Italian meals where family and friends would gather for hours to share food and conversation. Those memories inspired me to open a restaurant that celebrates not only authentic Italian cooking but also the warmth and hospitality that make every meal feel special.,"Every morning begins with preparing fresh pasta, pizza dough and sauces using recipes that have been passed down through generations. As guests arrive throughout the day, our kitchen fills with the aroma of herbs, garlic and freshly baked bread while families and friends gather to enjoy meals together.","As we prepare for our grand opening, we need branding that reflects the authenticity, warmth and tradition behind our restaurant. I want our website to make people feel welcome before they even walk through our doors and encourage them to share memorable meals with the people they care about.",I hope Taste of Tuscany becomes a place where people create lasting memories while enjoying authentic Italian food and genuine hospitality.,"italy, tuscany, family, tradition, authentic, hospitality, rustic, warmth, handmade, heritage",restaurant,m9
21,Harvest,Food & Beverage,"A vegetarian restaurant specialising in fresh, plant-based meals and relaxed dining.",Priya Singh,F,"Sydney, Australia","The Harvest is a new vegetarian restaurant serving fresh, seasonal meals made from locally sourced produce whenever possible. Our menu celebrates vegetables, grains and natural ingredients, creating dishes that are both nourishing and full of flavour. We want to show that healthy eating can be exciting, satisfying and enjoyable for everyone.","For years I loved cooking with vegetables from my own garden, and friends often commented that my meals completely changed the way they thought about vegetarian food. That inspired me to create a restaurant where fresh ingredients are the hero of every dish. My goal is to encourage more people to enjoy healthy food without feeling like they're making a compromise.","Every morning begins by collecting fresh produce and planning the day's specials based on what's in season. Our kitchen is always busy preparing ingredients from scratch, while customers enjoy relaxed meals with friends, family or colleagues. We love introducing guests to new flavours and showing them how delicious simple ingredients can be.","As a new restaurant, we need a visual identity that reflects the freshness and care behind everything we prepare. I want our website to introduce our philosophy, showcase our menu and encourage people to discover just how enjoyable vegetarian food can be.","I hope The Harvest becomes the place people think of when they want fresh, wholesome meals made with care and quality ingredients.","vegetables, fresh, seasonal, organic, healthy, sustainability, local produce, nature, wholesome, community",restaurant,f12
22,Departure,Travel & Luggage,"A travel-accessories business specialising in luggage and accessories for organised, reliable travel.",Nathan Cooper,M,"Sydney, Australia","Departure is a new travel brand designing durable luggage, backpacks and travel accessories for people who enjoy exploring new places. Our products combine thoughtful organisation, reliable construction and modern design to make travelling simpler and more enjoyable.","I have always loved travelling, but after dealing with broken luggage and poorly designed travel bags, I realised there was room for something better. I wanted to create products that travellers could rely on whether they were taking a weekend getaway or an overseas adventure. That idea became the foundation of Departure.","Most days begin by reviewing product designs, testing materials and working with manufacturers to improve functionality and durability. I also spend time speaking with travellers to understand the challenges they face so we can continue designing products that genuinely make travelling easier.","As we are preparing to launch our first collection, we need branding that reflects adventure, reliability and thoughtful design. I want our website to inspire customers to plan their next journey while feeling confident that our products will travel with them for years to come.",I hope Departure becomes a trusted travel brand that people choose whenever they're ready for their next adventure.,"travel, luggage, adventure, exploration, journeys, reliability, organisation, movement, discovery, freedom",luggage,m10
23,BladeRunner,Sports & Recreation,A sports retailer specialising in skateboards and rollerblades for active urban lifestyles.,Alex Kim,M,"Sydney, Australia","BladeRunner is a new sporting goods brand offering skateboards, rollerblades, helmets and protective gear for riders of all skill levels. We believe everyone should have access to quality equipment that encourages confidence, creativity and an active lifestyle.","I started skateboarding when I was twelve, and it quickly became more than just a hobby, it became part of who I am. After years of riding and helping friends choose equipment, I wanted to create a business that supported both beginners and experienced riders with products they could trust. BladeRunner was built by skaters, for skaters.","Every day begins by checking new equipment, testing products and preparing customer orders. When I'm not in the workshop, you'll usually find me at the local skate park talking with riders, watching new tricks and learning what products people would like to see next. The skating community inspires everything we do.","As a new business, we need branding that captures the excitement, freedom and creativity of skating culture. I want our website to feel energetic and welcoming while encouraging more people to discover the sport and become part of the community.","I hope BladeRunner becomes a brand that inspires people to challenge themselves, stay active and enjoy every ride.","skateboarding, rollerblading, speed, motion, youth, freedom, street culture, action, adventure, community",skateboards,m11
24,Lightworkers Way,Home & Lighting,A home-lighting business specialising in contemporary light fittings and lamps for modern interiors.,Rebecca White,F,"Sydney, Australia","The Lightworkers Way is a new home lighting brand creating lamps and light fittings that combine practical function with thoughtful design. Our products are made to enhance homes, workplaces and living spaces by creating comfortable, welcoming environments through quality lighting.","I have always been fascinated by how lighting can completely change the atmosphere of a room. While renovating my own home, I realised it was surprisingly difficult to find lighting that balanced modern design with everyday practicality. That experience inspired me to start a business focused on creating beautiful lighting for real homes.","Most mornings begin by reviewing product prototypes, experimenting with different lighting effects and working with manufacturers to refine each design. Afternoons are often spent photographing products in home settings and planning future collections inspired by contemporary interior design.","As we are preparing to launch, we need branding that communicates quality, warmth and thoughtful design. I want our website to help customers imagine how the right lighting can transform the spaces where they live and work.",I hope The Lightworkers Way becomes a trusted brand for people who believe great lighting can completely change the way a space feels.,"lighting, illumination, home, warmth, scandinavian, minimal, contemporary, interiors, comfort, design",light fittings,f13
25,White Rose,Flowers & Gifts,A florist specialising in fresh flowers and handcrafted arrangements for gifts and celebrations.,Amelia Scott,F,"Sydney, Australia","White Rose is a new florist creating fresh flower arrangements, bouquets and gift packages for birthdays, weddings, celebrations and everyday occasions. Every arrangement is carefully handcrafted using seasonal flowers to help customers express emotions through beautiful floral designs.","Flowers have always been part of my life because my parents owned a small garden where we grew many of the blooms used in local markets. I loved seeing how a simple bouquet could brighten someone's day, and that inspired me to open my own florist where every arrangement is made with care and attention to detail.","Every morning starts early at the flower market, selecting the freshest blooms before returning to prepare custom bouquets and floral arrangements. Throughout the day I help customers choose flowers that suit different occasions while creating designs that celebrate life's happiest moments and offer comfort during difficult ones.","Since we are opening our first store, we need branding that reflects the beauty, freshness and personal care behind every arrangement. I want our website to make customers feel inspired while making it easy to choose flowers for every occasion.","I hope White Rose becomes the florist people trust whenever they want to celebrate, comfort or simply brighten someone's day with flowers.","flowers, florist, romance, beauty, elegance, celebration, gifts, freshness, handcrafted, nature",florist shop,f14
26,Drummer Boy,Music & Instruments,A music retailer specialising in drum kits and musical instruments for learning and performance.,Liam Turner,M,"Sydney, Australia","Drummer Boy is a new music store specialising in drum kits, percussion instruments and accessories for musicians of all ages and experience levels. Alongside drums, we also stock a carefully selected range of musical instruments and equipment to help beginners and experienced performers enjoy making music.","Music has always been a huge part of my life. I started playing the drums in high school, and over the years I performed with several local bands. I realised many new musicians struggled to find a welcoming store where they could ask questions and receive honest advice, so I decided to create a place where anyone could discover the joy of playing music.","Most mornings begin by tuning display drum kits, checking new instrument deliveries and setting up demonstration areas. Throughout the day I help customers compare instruments, recommend equipment and occasionally join them for an impromptu jam session. There's always music playing somewhere in the shop, creating an energetic and creative atmosphere.","As we are preparing to open, we need branding that reflects both our passion for music and our welcoming approach to helping musicians grow. I want our website to inspire visitors to explore music, discover new instruments and feel excited about learning something new.",I hope Drummer Boy becomes the music store people remember not only for great instruments but for encouraging every customer to keep playing and improving.,"music, drums, rhythm, creativity, performance, instruments, sound, passion, community, energy",instruments,m12
27,Shadowland,Food & Beverage,A cocktail bar specialising in premium drinks and an atmospheric late-night experience.,Victor Cruz,M,"Sydney, Australia","Shadowland is a new cocktail bar specialising in handcrafted cocktails, premium spirits and carefully prepared bar snacks served in a stylish evening atmosphere. Every drink is created with attention to detail, combining classic recipes with modern creativity to offer guests a memorable night out.","I have always been fascinated by the atmosphere of hidden cocktail bars where every detail, from the lighting to the music, creates a unique experience. After working as a bartender for several years, I decided to open my own venue where people could relax, celebrate and enjoy expertly crafted drinks in an unforgettable setting.","Every afternoon begins with preparing fresh garnishes, organising the bar and experimenting with new cocktail recipes before opening for the evening. As the night progresses, the venue comes alive with conversations, celebrations and carefully mixed drinks, creating an atmosphere that's both sophisticated and welcoming.","As a new venue, we need branding that captures the unique atmosphere we are creating while encouraging people to experience something different from an ordinary night out. Our website should build curiosity and excitement before guests even arrive.","I hope Shadowland becomes one of the city's most memorable places for people to celebrate, socialise and enjoy exceptional cocktails.","cocktails, nightlife, mystery, ambience, elegance, premium, speakeasy, sophisticated, city, evening",bar,m13
28,Umbrella Man,Fashion & Accessories,"A fashion-accessories business specialising in durable, classic umbrellas designed for men.",George Mitchell,M,"Sydney, Australia","Umbrella Man is a new brand designing premium umbrellas for men that combine durability, practicality and timeless style. Our collection is built for everyday use, offering dependable protection from the weather while maintaining a refined appearance suitable for both work and leisure.",The idea came after replacing yet another cheaply made umbrella that broke during a storm. I realised that something people use so often deserved better design and better quality. I wanted to create umbrellas that people could rely on for years rather than replacing every winter.,"My days are spent reviewing product designs, testing materials in different weather conditions and working with manufacturers to improve durability. I also spend time gathering customer feedback because even small improvements can make a product people use every day much more enjoyable.","As we are introducing our first product range, we need branding that communicates quality, reliability and classic style. I want our website to show customers that everyday essentials can still be beautifully designed and built to last.",I hope Umbrella Man becomes the trusted brand people choose whenever they want dependable products that combine function with timeless design.,"umbrellas, rain, protection, durability, classic, craftsmanship, reliability, style, premium, timeless",umbrellas,m14
29,Everlasting,Jewellery & Accessories,"A jewellery business specialising in wedding and engagement rings with a timeless, elegant style.",Hannah Brooks,F,"Sydney, Australia",Everlasting is a new jewellery studio specialising in handcrafted engagement rings and wedding bands designed to celebrate life's most meaningful moments. Every piece is carefully created using quality materials and personalised details that make each ring as unique as the couple wearing it.,"Jewellery has always been part of my family's story, and I grew up watching skilled jewellers transform precious metals into symbols of love and commitment. Inspired by those experiences, I decided to start my own studio where every ring is designed with care, craftsmanship and the belief that beautiful jewellery should tell a personal story.","Every morning begins with sketching new ideas, selecting gemstones and carefully crafting each piece by hand. Some days are spent meeting couples to discuss their vision, while others are dedicated to polishing finished rings and preparing them for one of the most important days of someone's life.","As a new jewellery business, we need branding that reflects the quality, trust and craftsmanship behind every ring we create. I want our website to help couples feel confident that they're choosing something meaningful which they'll treasure for a lifetime.","I hope Everlasting becomes a name associated with love, commitment and jewellery that tells a story across generations.","jewellery, engagement, wedding, romance, timeless, elegance, luxury, craftsmanship, love, commitment",rings,f15
30,French Toast,Food & Beverage,"A café specialising in breakfast foods, coffee, pastries and relaxed morning dining.",Claire Dubois,F,"Sydney, Australia","French Toast is a new café specialising in breakfast favourites, artisan coffee, freshly baked pastries and relaxed weekend brunches. Our menu is inspired by the simple pleasure of starting the day with quality food shared among family and friends in a warm and welcoming environment.","Some of my happiest memories were spent enjoying slow breakfasts with my family, where good food and conversation were just as important as the meal itself. I wanted to create a café that encourages people to slow down, enjoy the morning and appreciate the simple moments that often become the most memorable.","Every morning starts before sunrise as fresh pastries are baked, coffee beans are ground and breakfast ingredients are prepared for the day ahead. Soon after opening, the café fills with the aroma of fresh coffee and conversations as customers gather for breakfast meetings, family catch-ups or a quiet moment before beginning their day.","As we prepare to welcome our first customers, we need branding that reflects the warmth, comfort and friendly atmosphere we are creating. I want our website to encourage people to start their mornings with us and make French Toast part of their daily routine.","I hope French Toast becomes the neighbourhood café people look forward to visiting whenever they want to begin the day with great food, coffee and good company.","breakfast, cafe, coffee, pastries, mornings, comfort, warmth, french, community, welcoming",cafe,f16
31,Fido Pet,Pet Care,"A pet-supplies shop specialising in products for dogs, cats and everyday companion-animal care.",Olivia Carter,F,"Sydney, Australia","Fido Pet is a new pet supplies store offering quality food, toys, bedding, grooming products and accessories for dogs, cats and small animals. Every product is carefully selected to help pet owners provide the very best care for their companions while making everyday life with pets easier and more enjoyable.","Ever since I adopted my first rescue dog, Fido, I realised how difficult it was to find a single store that offered reliable products and honest advice. Over the years, my passion for animals grew, and I decided to create a pet store where people could shop with confidence, knowing every product had been chosen with their pets' wellbeing in mind.","Every morning begins with unpacking deliveries, organising shelves and checking that our products are ready for customers. Throughout the day I spend time helping pet owners choose suitable products, learning about their animals and listening to their experiences. Every conversation reminds me why I started this business in the first place.","As we are preparing to launch, we need a memorable brand identity that reflects the care, trust and happiness behind our business. I want our website to make customers feel welcome while showing that we genuinely care about every pet and every owner who visits us.",I hope Fido Pet becomes the trusted pet store that local families recommend whenever someone welcomes a new furry friend into their home.,"pets, dogs, cats, companionship, family, caring, trust, playful, happiness, loyalty",pet shop,f17
32,Crystals for Life,Health & Wellness,A wellness business specialising in decorative and symbolic healing crystals and gemstones.,Mia Thompson,F,"Sydney, Australia","Crystals for Life is a new business specialising in natural healing crystals, gemstones and crystal-inspired gifts. Our collection celebrates the beauty of nature while encouraging customers to create peaceful spaces that support mindfulness, relaxation and personal wellbeing.","My interest in crystals began during a difficult period in my life when I was searching for ways to slow down and reconnect with myself. Collecting crystals became a calming hobby, and over time I learnt about the stories, traditions and symbolism behind different stones. I wanted to share that experience by creating a welcoming place where people could begin their own journey.","My mornings are spent carefully arranging new crystal collections, photographing products and preparing online orders. Throughout the day I enjoy helping customers learn about different stones and finding pieces that speak to them personally. Every crystal is unique, and I love sharing that sense of discovery with others.","As a new business, we need branding that reflects the peaceful and thoughtful experience we want customers to have. I want our website to encourage visitors to slow down, explore our collection and discover products that feel meaningful to them.","I hope Crystals for Life becomes a place where people find beauty, inspiration and a sense of calm through nature's creations.","crystals, gemstones, mindfulness, wellness, harmony, balance, nature, peaceful, beauty, symbolism",crystals shop,f18
33,Emperor's Gardens,Home & Garden,"A home and garden business specialising in bonsai trees, growing supplies and Japanese-inspired gardening.",Benjamin Clarke,M,"Sydney, Australia","Emperor's Gardens is a new business specialising in bonsai trees, tools, pots and supplies for people interested in the art of bonsai. We believe growing bonsai is more than gardening, it's about patience, creativity and appreciating the beauty of nature over time.","I first discovered bonsai while travelling through Japan, where I was fascinated by the incredible care and dedication behind every tree. When I returned home, I spent years learning the craft and eventually realised I wanted to introduce more people to this rewarding hobby. Emperor's Gardens was created to help beginners and experienced growers enjoy bonsai with confidence.","Every day begins by watering and caring for our bonsai collection before preparing customer orders and maintaining the health of every tree. Much of my time is also spent teaching customers about pruning, shaping and caring for their bonsai, because watching someone grow their first tree is incredibly rewarding.","As we are preparing to launch, we need branding that reflects the patience, elegance and artistry behind bonsai. I want our website to inspire people to begin their own bonsai journey while making the hobby feel welcoming rather than intimidating.","I hope Emperor's Gardens becomes the place people think of whenever they want to learn, grow and appreciate the timeless art of bonsai.","bonsai, japan, nature, patience, craftsmanship, balance, harmony, gardening, elegance, growth",bonsai trees,m15
34,Roses of May,Flowers & Gifts,"A florist specialising in roses, floral arrangements and romantic gifts.",Amelia Wright,F,"Sydney, Australia","The Roses of May is a new florist dedicated entirely to roses, offering fresh bouquets, preserved arrangements and rose-inspired gifts for every occasion. We specialise in showcasing the incredible variety and beauty of one of the world's most loved flowers.","My grandmother grew roses in her garden, and every spring our backyard was filled with colour and fragrance. Those memories stayed with me throughout my life, and I eventually decided to create a florist focused entirely on roses. I believe every variety has its own personality and story to tell, making each arrangement feel truly special.","Each morning begins at the flower market selecting the freshest roses before arranging bouquets by hand. Throughout the day I help customers choose flowers for celebrations, anniversaries and thoughtful gifts, while also caring for delicate blooms to ensure every arrangement looks its very best.","As a new florist, we need branding that captures the elegance, beauty and emotion that roses represent. I want our website to inspire customers and make it easy for them to find the perfect arrangement for every occasion.",I hope The Roses of May becomes a florist that people remember for creating beautiful moments through the timeless beauty of roses.,"roses, flowers, romance, elegance, beauty, nature, celebration, gifts, fragrance, timeless",florist shop,f19
35,Enthralled,Gaming & Entertainment,"A gaming retailer specialising in video games, gaming products and collectibles.",Liam Harris,M,"Sydney, Australia","Enthralled is a new gaming retailer offering the latest video games, gaming accessories, collectibles and merchandise for players of all ages. We want to create a community where gaming enthusiasts can discover new adventures, connect with others and celebrate their favourite games.","I have loved video games ever since receiving my first console as a child. Over the years gaming became more than entertainment, it became a way to meet people, solve problems and experience incredible stories. I wanted to create a store where other gamers could share that same excitement while discovering new games and collectibles.","Every morning starts by updating new releases, organising displays and preparing online orders. Throughout the day customers visit to discuss upcoming games, recommend hidden favourites and browse collectibles inspired by the worlds they love. Every conversation reminds me how passionate the gaming community can be.","As we are launching our first store, we need branding that reflects the excitement, creativity and sense of adventure that gaming brings. I want our website to encourage visitors to explore our collection and feel like they've entered a world built by gamers for gamers.",I hope Enthralled becomes the first place gamers visit whenever they're ready to discover their next adventure.,"gaming, video games, entertainment, community, collectibles, technology, imagination, excitement, digital, exploration",video games,m16
36,Forever,Jewellery & Accessories,A jewellery business specialising in wedding and engagement rings for lasting celebrations.,Charlotte Mitchell,F,"Sydney, Australia","Forever is a new jewellery boutique specialising in handcrafted engagement rings, wedding bands and personalised jewellery designed to celebrate life's most meaningful moments. Every piece is created with exceptional attention to detail, combining quality craftsmanship with timeless design to help couples mark the beginning of their journey together.","Ever since I was young, I was fascinated by how a single piece of jewellery could hold so much meaning. While learning jewellery making, I realised every engagement ring represented a unique story, and I wanted to create pieces that people would treasure for generations. That passion inspired me to establish Forever as a business built around love, commitment and craftsmanship.","Every morning begins by sketching new designs, selecting gemstones and carefully crafting each piece by hand. I regularly meet couples to learn about their stories and create jewellery that reflects their personalities. Every completed ring reminds me that my work becomes part of someone's happiest memories.","As a new business, we are preparing to introduce our collection but need a brand identity that reflects the trust, quality and emotion behind every piece we create. Our website should help customers feel confident that they're choosing jewellery designed to last a lifetime.","I hope Forever becomes a jewellery brand that people associate with love, commitment and memories that last forever.","jewellery, wedding, engagement, love, commitment, romance, luxury, elegance, timeless, craftsmanship",rings,f20
37,Aussie Tucker,Food & Beverage,"An Australian restaurant specialising in local produce, native ingredients and relaxed dining.",Joshua Walker,M,"Sydney, Australia","Aussie Tucker is a new restaurant celebrating the unique flavours of Australian cuisine. Our menu combines fresh local ingredients with classic Australian favourites, creating meals that showcase the diversity of our country's food culture in a relaxed and welcoming environment.","Growing up travelling around Australia with my family introduced me to incredible regional food and local produce. Every town had its own special dishes and ingredients, and I wanted to bring those experiences together in one restaurant. Aussie Tucker is my way of celebrating Australian food while supporting local producers.","Every morning begins by preparing fresh ingredients sourced from nearby suppliers before planning seasonal specials based on what's available. Throughout the day our kitchen serves families, tourists and locals who want to experience authentic Australian flavours in a comfortable setting. Every meal celebrates the ingredients that make Australian cuisine unique.","As we are preparing to open, we need branding that reflects Australia's natural beauty, relaxed lifestyle and diverse food culture. Our website should encourage visitors to discover our menu and experience something uniquely Australian.",I hope Aussie Tucker becomes a restaurant that both locals and visitors recommend when they want to experience authentic Australian food.,"australia, local produce, native ingredients, outback, relaxed, fresh, hospitality, community, nature, tradition",restaurant,m17
38,Kwick Pasta,Food & Beverage,"A pasta restaurant specialising in fresh, homemade pasta and quick Italian comfort food.",Emily Turner,F,"Sydney, Australia","Kwick Pasta is a new restaurant specialising in freshly made pasta served quickly without compromising on quality or flavour. We offer a variety of traditional and modern pasta dishes prepared using fresh ingredients, making authentic Italian-inspired meals convenient for busy lifestyles.","During my travels through Italy, I admired how fresh pasta could be both simple and incredibly satisfying. When I returned home, I noticed there weren't many places offering quality pasta without long waiting times. I decided to create Kwick Pasta to bring together authentic recipes with fast, friendly service.","Every morning starts with making fresh pasta dough before preparing sauces, vegetables and ingredients for the day's menu. Throughout the day customers enjoy quick lunches, family dinners and takeaway meals prepared fresh to order. Watching people enjoy homemade pasta, even during a busy day, is what makes this business worthwhile.","As a startup, we need branding that communicates freshness, speed and authentic flavour. Our website should make customers excited to visit while making it easy to explore the menu and order their favourite meals.",I hope Kwick Pasta becomes the restaurant people choose whenever they want fresh pasta served quickly without sacrificing quality.,"pasta, italy, fresh, homemade, quick, authentic, comfort food, family, tradition, flavour",restaurant,f1
39,Lentils & Spice,Food & Grocery,"A food retailer specialising in herbs, spices and cooking ingredients from a range of food cultures.",Noah Richardson,M,"Sydney, Australia","Lentils & Spice is a new specialty store offering herbs, spices, grains and cooking ingredients from around the world. We carefully source quality products that help home cooks discover new flavours while inspiring confidence and creativity in the kitchen.","My love of cooking began in my parents' kitchen, where every meal was filled with the aroma of herbs and spices from different cultures. Over the years I realised many people wanted to cook more adventurous meals but didn't know where to begin. I created Lentils & Spice to make discovering new flavours simple and enjoyable.","Every morning begins by checking fresh stock, filling spice jars and preparing ingredient displays that highlight different cuisines. Throughout the day I enjoy recommending flavour combinations, sharing cooking tips and helping customers discover ingredients they've never tried before. Every conversation is an opportunity to inspire someone to cook something new.","As we are preparing to launch, we need branding that reflects the richness, diversity and excitement of cooking with herbs and spices. Our website should encourage customers to explore our products and discover flavours from around the world.",I hope Lentils & Spice becomes the first place people visit whenever they're looking for inspiration in the kitchen.,"herbs, spices, cooking, flavour, culture, ingredients, exploration, diversity, natural, creativity",organic food,m18
40,Down Hill Skis,Sports & Recreation,"A sports retailer specialising in ski hire, winter equipment and alpine gear.",Sophie Cooper,F,"Sydney, Australia","Down Hill Skis is a new ski hire and equipment store providing skis, snowboards, boots, helmets and winter gear for visitors heading to the mountains. We focus on making winter sports easy and accessible by offering quality equipment for beginners and experienced skiers alike.","My first skiing holiday completely changed the way I saw winter, but I also remember how confusing it was trying to choose the right equipment. After years working in the ski industry, I wanted to create a business that makes hiring gear simple, friendly and stress-free so more people can enjoy the mountains with confidence.","Every morning begins by preparing and maintaining equipment before customers arrive to collect their gear. Throughout the day we fit boots, adjust skis and help visitors choose equipment that suits their experience level. Seeing excited families and first-time skiers heading to the slopes is always the highlight of the day.","As we are launching our business, we need branding that communicates adventure, safety and confidence. Our website should make it easy for customers to hire equipment online while building excitement for their next trip to the snow.",I hope Down Hill Skis becomes the first choice for anyone planning an unforgettable day on the slopes.,"skiing, snow, mountains, winter, adventure, alpine, outdoors, performance, safety, exploration",ski shop,f2
41,Mr Stew Dent,Books & Education,An education retailer specialising in school textbooks and learning resources for students.,Matthew Stewart,M,"Sydney, Australia","Mr Stew Dent is a new educational bookstore specialising in school textbooks, study guides, revision materials and learning resources for students of all ages. We aim to make quality educational resources easy to find while helping students feel confident and prepared throughout their learning journey.","As a teacher, I often saw students struggling simply because they couldn't find the right learning resources. I wanted to create a bookstore that made studying less stressful by offering carefully selected textbooks and helpful advice. My goal is to support students, parents and teachers by making learning resources more accessible and easier to choose.","Every morning begins by organising new textbook deliveries, updating inventory and preparing online orders before schools begin. Throughout the day I help students, parents and teachers find the right books while recommending study guides and revision materials that match different learning needs. Helping students succeed is what motivates me every day.","As we are preparing to launch, we need branding that reflects knowledge, trust and the excitement of learning. Our website should make it easy for students and parents to find the resources they need while creating a welcoming environment for learners of all ages.",I hope Mr Stew Dent becomes the first place students and schools think of whenever they need reliable learning resources.,"education, textbooks, books, learning, school, knowledge, study, students, achievement, growth",book shop,m19
42,Classy Bags,Fashion & Apparel,"A fashion brand specialising in women's handbags and accessories with an elegant, modern style.",Ava Robinson,F,"Sydney, Australia","Classy Bags is a new fashion boutique specialising in stylish handbags and everyday accessories for women. Our collection combines elegant design with practical features, offering bags that suit work, travel, shopping and special occasions without compromising on quality or comfort.","I have always believed that a handbag should be more than something that carries belongings, it should help people feel organised and confident wherever they go. After years working in fashion retail, I decided to create my own collection that balances timeless style with everyday practicality.","Every day begins with reviewing new handbag designs, checking product quality and preparing customer orders. I spend time photographing new arrivals, creating outfit combinations and speaking with customers about the features they value most. Every new collection is designed to fit into everyday life while adding a touch of style.","As a new fashion brand, we need a visual identity that reflects elegance, quality and confidence. I want our website to showcase our collection beautifully while helping customers imagine using our bags in their own daily lives.",I hope Classy Bags becomes a brand that women trust whenever they're looking for handbags that are both stylish and practical.,"handbags, fashion, elegance, confidence, style, luxury, accessories, modern, sophistication, everyday",handbag,f3
43,Shoooo,Fashion & Apparel,"A footwear business specialising in premium shoes that combine comfort, quality and contemporary style.",Jack Phillips,M,"Sydney, Australia","Shoooo is a new footwear brand creating premium shoes that combine modern design, quality craftsmanship and all-day comfort. From casual sneakers to smart everyday footwear, our goal is to help people move confidently through every part of their day.","Finding shoes that were both comfortable and stylish always seemed harder than it should have been. After years of working with footwear manufacturers, I decided to develop my own range using quality materials and thoughtful design. Shoooo was created for people who don't want to choose between comfort and appearance.","Every morning begins by inspecting new products, testing materials and working with designers to refine future collections. Throughout the day I review customer feedback, prepare online orders and explore new ideas that improve both comfort and style. Every pair is designed with everyday life in mind.","As we are preparing to launch our first collection, we need branding that reflects movement, quality and contemporary design. I want our website to inspire confidence while showing customers that premium footwear can also be practical for everyday use.","I hope Shoooo becomes a recognised footwear brand known for combining comfort, quality and timeless style.","footwear, shoes, comfort, movement, fashion, confidence, premium, quality, lifestyle, craftsmanship",premium footwear,m20
44,Hammer House,Hardware & DIY,"A hardware business specialising in tools and practical equipment for building, repair and DIY projects.",Nathan Hughes,M,"Sydney, Australia","Hammer House is a new hardware store supplying quality tools, building equipment and home improvement products for tradespeople, DIY enthusiasts and homeowners. We believe the right tools help people build, repair and create with confidence.","My father taught me how to use tools from a young age, and together we spent weekends building furniture and fixing things around the house. Those experiences taught me the value of quality workmanship and reliable equipment. Opening Hammer House is my way of helping others enjoy building projects with tools they can depend on.","Every morning begins by organising new stock, checking equipment and preparing customer orders. Throughout the day I help customers choose the right tools for different projects, offering advice and practical tips based on my own experience. Whether it's a professional builder or someone tackling their first DIY project, I enjoy helping people find the right solution.","As a startup, we need branding that reflects reliability, strength and practical expertise. I want our website to make customers feel confident that they're buying tools designed to help them complete every project successfully.",I hope Hammer House becomes the trusted hardware store people rely on whenever they begin their next building or home improvement project.,"tools, hardware, construction, diy, strength, reliability, craftsmanship, building, workshop, practical",tools,m1
45,MapKing,Books & Education,"A books and education retailer specialising in maps, atlases and resources for travel and geography.",Hannah Price,F,"Sydney, Australia","MapKing is a new retailer specialising in maps, atlases, travel guides and navigation resources for travellers, students, outdoor enthusiasts and collectors. We celebrate the joy of discovering new places while encouraging curiosity about the world around us.","Ever since I was a child, I loved unfolding maps and imagining the places they could take me. Even in today's digital world, I still believe there's something special about holding a map and planning a journey by hand. I wanted to create a business that inspires exploration and helps people discover the world one destination at a time.","My mornings are spent organising new publications, preparing online orders and researching interesting destinations to feature in our collection. Throughout the day I help travellers, hikers and students choose maps suited to their adventures while sharing stories about places worth exploring. Every map represents the beginning of a new journey.","As we are launching our business, we need branding that reflects curiosity, exploration and discovery. I want our website to encourage visitors to dream about their next adventure while making it easy to find the resources they'll need along the way.",I hope MapKing becomes the first place people visit whenever they're planning their next journey or exploring somewhere new.,"maps, atlases, travel, exploration, discovery, navigation, adventure, geography, journeys, curiosity",map shop,f4
46,I Nailed It,Beauty & Personal Care,"A beauty business specialising in nail-care products, colours and styling products.",Zoe Kelly,F,"Sydney, Australia","I Nailed It is a new beauty brand specialising in nail care products, nail polish, manicure tools and accessories for people who enjoy expressing their creativity through beautiful nails. Our products are designed to make professional-looking nail care easy to achieve at home while encouraging confidence and self-expression.","I have always loved experimenting with nail art, but I often found that many products were either poor quality or too expensive for everyday use. After years of learning new techniques and helping friends with their nails, I decided to create a brand that makes quality nail care accessible to everyone.","Every morning begins with testing new colours, reviewing product samples and preparing customer orders. Throughout the day I work with suppliers, create nail design ideas and photograph products for our online store. I also enjoy sharing simple nail care tips to help customers achieve great results at home.","As we are preparing to launch, we need branding that reflects creativity, confidence and modern beauty. I want our website to inspire customers to experiment with new colours and styles while making shopping enjoyable and easy.","I hope I Nailed It becomes a beauty brand that inspires confidence, creativity and self-expression through every manicure.","nails, beauty, nail care, creativity, fashion, colour, confidence, self-expression, cosmetics, style",nail care,f5
47,Picasso Art,Arts & Crafts,"An art-supplies business specialising in materials and tools for drawing, painting and creative projects.",Samuel Peterson,M,"Sydney, Australia","Picasso Art is a new art supply store providing paints, brushes, sketchbooks, canvases and creative materials for artists, students and hobbyists. We believe creativity should be accessible to everyone, whether they're creating their very first drawing or completing a professional masterpiece.","Drawing and painting have always been my favourite ways to express ideas. As I spent more time creating art, I realised how important good-quality materials are to the creative process. I wanted to open a store where artists of every skill level could find inspiration, advice and the tools they need to bring their ideas to life.","Each morning begins by unpacking new supplies, organising displays and preparing online orders. Throughout the day I enjoy helping customers choose materials, discussing creative projects and discovering the incredible artwork they create using our products. Every visit to the store reminds me that creativity exists in everyone.","As a new business, we need branding that reflects imagination, creativity and artistic expression. I want our website to inspire visitors to start their next project while making it easy to discover products suited to every artistic journey.",I hope Picasso Art becomes a place where creativity begins and every artist feels inspired to create something amazing.,"art, creativity, imagination, colour, painting, drawing, inspiration, expression, design, artists",art tools,m2
48,Rapunzel's,Beauty & Personal Care,A beauty business specialising in hair-care products and styling tools.,Ashley Bell,F,"Sydney, Australia","Rapunzel's is a new beauty brand specialising in hair care products, styling tools and accessories designed to help people care for and express their personal style. Our collection combines quality ingredients with practical tools that make everyday hair care simple and enjoyable.","Ever since I was young, I have loved experimenting with different hairstyles and learning how the right products could completely transform someone's confidence. After working in the beauty industry for several years, I decided to create a brand that offers professional-quality products while making hair care approachable for everyone.","Most mornings begin by reviewing product samples, testing new formulas and preparing customer orders. Throughout the day I create styling demonstrations, photograph products and speak with customers about their hair care routines. Every conversation helps me better understand how our products can make everyday styling easier.","As we prepare to launch our business, we need branding that reflects confidence, beauty and self-care. I want our website to inspire customers to explore new styles while helping them find products that suit their individual needs.","I hope Rapunzel's becomes a trusted beauty brand that encourages people to feel confident and express themselves through healthy, beautiful hair.","hair, beauty, confidence, self-care, styling, elegance, fashion, creativity, wellness, cosmetics",hair care,f6
49,Ashley Bell,Fashion & Apparel,"A fashion brand specialising in women's designer clothing with a sophisticated, premium aesthetic.",Lily Anderson,F,"Sydney, Australia","Ashley Bell is a new fashion label creating contemporary designer clothing for women who appreciate quality craftsmanship and timeless style. Every collection is thoughtfully designed to combine elegance, comfort and versatility, making each piece suitable for both everyday wear and special occasions.","Fashion has always been my creative outlet, and designing clothing became a dream long before it became a business. After studying fashion design and working with several established brands, I decided it was time to create my own label where I could focus on quality over fast-changing trends.","Every day begins with sketching new ideas, reviewing fabric samples and refining upcoming collections. Afternoons are often spent fitting garments, photographing new designs and preparing online orders. Every collection reflects countless hours of planning, creativity and attention to detail.","As a new fashion label, we need branding that reflects sophistication, confidence and modern elegance. I want our website to showcase our collections beautifully while helping customers understand the story and craftsmanship behind every design.","I hope Ashley Bell becomes a respected fashion label known for timeless design, exceptional quality and helping women feel confident every day.","womenswear, fashion, elegance, luxury, confidence, sophistication, designer, style, craftsmanship, timeless",fashion shop,f7
50,Sleeping Beauty,Home & Living,A home-and-living business specialising in bedding and linens designed for comfort and relaxation.,Jessica Murphy,F,"Sydney, Australia","Sleeping Beauty is a new homewares brand specialising in premium bedding, quilts, pillows and bed linen designed to help people create comfortable, relaxing bedrooms. Our products combine quality materials with thoughtful design to make every night's sleep feel more restful and enjoyable.","I have always believed that a good night's sleep can completely change the way someone feels. After struggling to find bedding that was both comfortable and beautifully designed, I decided to create my own collection. Sleeping Beauty was inspired by the idea that everyone deserves a bedroom that feels peaceful, welcoming and comfortable.","Every morning begins by reviewing fabric samples, checking product quality and preparing customer orders. Throughout the day I work with manufacturers, photograph new collections and help customers choose bedding that suits their homes and personal preferences. Every product is selected with comfort and quality in mind.","As we are preparing to launch, we need branding that reflects comfort, relaxation and quality. I want our website to create a calm and welcoming experience while helping customers imagine transforming their bedrooms into peaceful places to unwind.","I hope Sleeping Beauty becomes a trusted homewares brand that people associate with comfort, quality and better sleep.","bedding, sleep, comfort, home, relaxation, softness, peaceful, quality, warmth, lifestyle",bedding shop,f8
51,Dreamland,Entertainment,An entertainment business specialising in live circus performances for families and general audiences.,Ryan Scott,M,"Sydney, Australia","Dreamland is a new live entertainment company bringing the excitement of a traditional circus to modern audiences through breathtaking performances, talented entertainers and unforgettable family experiences. Alongside our live shows, we also offer themed merchandise, souvenirs and refreshments to help visitors take a piece of the magic home with them.","As a child, my parents took me to the circus every year, and I was captivated by the performers, colourful costumes and the sense of wonder that filled the big top. Those memories stayed with me long after the shows ended. I wanted to create a modern circus that brings that same excitement to a new generation while celebrating imagination, laughter and family entertainment.","Every day begins with rehearsals, caring for equipment, preparing costumes and making sure every performance is ready before the audience arrives. As families fill the venue, performers warm up backstage while music and excitement begin to build. Every show is an opportunity to create memories that children and adults will remember long after they leave.","As we are launching our circus, we need branding that captures the excitement, imagination and magic of the experience we want to create. Our website should encourage families to book tickets, explore upcoming performances and feel the excitement before they even arrive.",I hope Dreamland becomes a place where families create unforgettable memories and experience the wonder of live entertainment together.,"circus, magic, entertainment, performance, imagination, family, excitement, colourful, wonder, celebration",circus,m3
52,Consumption,Food & Beverage,"A fine-dining restaurant specialising in French cuisine, gourmet dishes and refined hospitality.",Victoria James,F,"Sydney, Australia","Consumption is a new fine dining restaurant inspired by the elegance and culinary traditions of France. Our menu features carefully prepared seasonal dishes using premium ingredients, offering guests a sophisticated dining experience where exceptional food, attentive service and beautiful presentation come together.","My passion for French cuisine began while studying and travelling through France, where I learnt that every meal is treated as an experience rather than simply something to eat. I wanted to bring that philosophy home by creating a restaurant where guests could slow down, appreciate beautifully prepared food and celebrate life's special occasions.","Every morning begins with selecting fresh seasonal ingredients before carefully preparing sauces, pastries and signature dishes. Throughout the day our team refines every detail, from table settings to food presentation, ensuring each guest enjoys an exceptional dining experience from the moment they arrive until the moment they leave.","As we are preparing to open, we need branding that reflects elegance, quality and attention to detail. Our website should introduce guests to our dining philosophy while creating anticipation for a memorable culinary experience.","I hope Consumption becomes one of the region's most respected dining destinations, known for exceptional food, hospitality and unforgettable experiences.","french cuisine, fine dining, elegance, luxury, gourmet, sophistication, premium, hospitality, tradition, culinary",restaurant,f9
53,Adam's Apples,Food & Grocery,"A food retailer specialising in fresh farm produce, seasonal fruit and locally sourced foods.",Adam Collins,M,"Sydney, Australia","Adam's Apples is a new produce market specialising in fresh fruit, vegetables and locally grown farm products. We work closely with nearby growers to provide seasonal produce that celebrates freshness, quality and the connection between farms and local communities.",Growing up on my family's orchard taught me to appreciate the hard work behind every piece of fruit. I always believed people deserved access to produce that was picked fresh and supported local farmers. Starting Adam's Apples allows me to share that passion while helping customers enjoy healthier food every day.,"Every morning starts before sunrise as fresh deliveries arrive directly from local farms. The day's produce is carefully arranged before customers begin visiting for their weekly shopping. I spend much of my day talking with growers and customers, sharing information about seasonal produce and offering ideas for enjoying fresh ingredients at home.","As we are preparing to open, we need branding that reflects freshness, honesty and our close connection with local farming communities. Our website should encourage people to shop locally while helping them appreciate where their food comes from.",I hope Adam's Apples becomes the market people trust whenever they want fresh produce grown with care by local farmers.,"farm, fresh produce, local, healthy, seasonal, nature, community, sustainability, orchard, freshness",fruit shop,m4
54,WildLife,Attractions & Tourism,"A wildlife attraction specialising in Australian animals, conservation, education and visitor experiences.",David Wilson,M,"Sydney, Australia","WildLife is a new wildlife park giving visitors the opportunity to experience Australia's unique native animals while learning about conservation and the natural environment. Alongside animal experiences, we offer educational programs, gifts and souvenirs that help visitors remember their day while supporting wildlife education.","I have always been fascinated by Australia's incredible wildlife and wanted more people to appreciate the animals that make our country unique. After volunteering with several wildlife organisations, I realised education is one of the best ways to inspire conservation. WildLife was created to help families experience native animals up close while learning how to protect them for future generations.","Every morning begins with caring for the animals, preparing habitats and making sure every enclosure is ready before visitors arrive. Throughout the day our team runs educational talks, animal encounters and interactive experiences while helping guests learn more about Australia's diverse wildlife. Every day is different because every animal has its own personality.","As we are preparing to welcome our first visitors, we need branding that reflects Australia's natural beauty, wildlife and our commitment to conservation. Our website should inspire families to visit while encouraging a greater appreciation for the environment.",I hope WildLife becomes a place where people leave with unforgettable memories and a stronger desire to protect Australia's unique wildlife.,"australia, wildlife, nature, conservation, animals, adventure, education, outdoors, environment, discovery",zoo,m5
55,99 Red Balloons,Party & Events,A party-supplies business specialising in balloons and decorations for celebrations and events.,Rebecca Foster,F,"Sydney, Australia","99 Red Balloons is a new party store specialising in balloons, decorations and celebration supplies for birthdays, weddings, baby showers and special events. We believe every celebration deserves colourful decorations that help create joyful memories and bring people together.","I have always loved planning parties because I enjoy seeing how decorations can completely transform a space and make people smile. After helping organise countless celebrations for friends and family, I decided to turn that passion into a business dedicated to making every occasion feel extra special.","Every morning begins by preparing balloon arrangements, organising party supplies and creating custom decorations for upcoming events. Throughout the day I work closely with customers to understand their celebrations and recommend decorations that match their ideas. Every order is different, making each day full of colour and creativity.","As we are launching our business, we need branding that captures the fun, excitement and happiness behind every celebration. Our website should inspire customers with party ideas while making it easy to plan memorable events for family and friends.",I hope 99 Red Balloons becomes the first place people think of whenever they're planning a celebration worth remembering.,"balloons, parties, celebration, colourful, happiness, fun, family, events, creativity, joy",party shop,f10
56,Exotic,Pet Care,A pet shop specialising in exotic animals and specialist pet care supplies.,Charlotte Bennett,F,"Sydney, Australia",Exotic is a new pet shop specialising in exotic animals and specialist pet care supplies. Our business focuses on providing quality pet care products and services with a clear focus on customer experience. We want customers to enjoy a memorable experience and feel confident returning to us.,"I have always been fascinated by unusual animals and the specialised care they need to thrive. After spending years learning about exotic pets and speaking with experienced keepers, I decided to create a store where owners could find the right supplies and advice in one place. Exotic was created to make caring for these unique animals feel less complicated and more rewarding.","Most mornings are spent checking our animals, preparing food and making sure every enclosure is clean and comfortable. During the day I help customers choose suitable supplies and explain the care each exotic pet needs. I also spend time checking new products and speaking with suppliers so we can keep improving what we offer.","We're building a specialist pet business, but our current identity doesn't communicate the expertise and care we want customers to feel. I need a strong logo and website that make Exotic look trustworthy, distinctive and welcoming, while helping new customers understand what makes our service different.","I want Exotic to become a trusted destination for people who own unusual pets and need specialist products, advice and care they can rely on.","exotic pets, specialist, animal care, unusual pets, trusted, knowledgeable, natural, friendly",pet shop,f2
57,Budgies,Pet Care,A pet-care business specialising in food and nutrition products for pet birds.,Oliver Carter,M,"Sydney, Australia",Budgies is a new pet-care business specialising in food and nutrition products for pet birds. Our business focuses on providing quality pet care products and services with a clear focus on customer experience. We want customers to enjoy a memorable experience and feel confident returning to us.,"My love of birds began when I was given my first budgie as a child, and I quickly became fascinated by how much the right food can affect a bird's health and happiness. After learning more about bird nutrition, I wanted to create a business focused on making quality food easier for owners to find. Budgies grew from that simple idea of helping people give their feathered companions a healthier life.","Each morning starts with checking our bird-food supplies and making sure all orders are ready to go. Throughout the day I help customers choose food and nutrition products based on their birds' needs, while also answering questions about feeding routines. I spend the quieter parts of the day organising stock and researching better products.","We're growing our bird-care business, but we don't yet have a brand identity that clearly communicates our focus on quality nutrition. I want a memorable logo and website that make Budgies easy to recognise and give bird owners confidence when they are choosing products for their pets.",I want Budgies to become a familiar and trusted name for bird owners who want quality food and better nutrition for their feathered companions.,"budgies, bird care, nutrition, healthy, cheerful, colourful, pet care, friendly",pet shop,m3
58,Colour Mart,Hardware & DIY,A hardware and DIY business specialising in paints and decorating supplies for home improvement projects.,Isla Collins,F,"Sydney, Australia",Colour Mart is a new hardware and DIY business specialising in paints and decorating supplies for home improvement projects. Our business focuses on providing quality hardware & diy products and services with a clear focus on customer experience. We want customers to enjoy a memorable experience and feel confident returning to us.,"I have always enjoyed renovating rooms and discovering how a new colour can completely change the feeling of a space. After helping friends choose paints and supplies for their own projects, I realised how confusing home improvement can be without the right advice. Colour Mart was created to make painting and decorating projects more approachable, inspiring people to have the confidence to transform their homes.","Most mornings are spent checking paint stock, preparing customer orders and making sure our decorating supplies are easy to find. During the day I help customers choose colours, finishes and products for their projects, often talking through what they are hoping to achieve. I also spend time testing new products and keeping up with current decorating ideas.","We're preparing to build a stronger presence in the home-improvement market, but our current look doesn't reflect how much advice and inspiration we want to provide. I need a logo and website that make Colour Mart feel approachable and creative, encouraging customers to trust us with their next decorating project.","I want Colour Mart to become the first place people think of when they need inspiration, advice and quality products for their next painting or decorating project.","paint, colour, decorating, creativity, home improvement, inspiration, practical, vibrant",tools,f4
59,Warm Look,Fashion & Apparel,"A fashion brand specialising in ski clothing designed for warmth, comfort and winter performance.",Lucas Dawson,M,"Sydney, Australia","Warm Look is a new fashion brand specialising in ski clothing designed for warmth, comfort and winter performance. Our business focuses on providing quality fashion & apparel products and services with a clear focus on customer experience. We want customers to enjoy a memorable experience and feel confident returning to us.","I have always loved skiing, but I found that finding clothing that was genuinely warm, comfortable and practical could be surprisingly difficult. After years of testing different gear on winter trips, I decided to create clothing based on what I actually wanted to wear on the slopes. Warm Look was created for people who want to enjoy winter without compromising on comfort or style.","Most mornings are spent checking new clothing samples, preparing online orders and reviewing upcoming winter products. Whenever possible I test fabrics and designs in realistic cold-weather conditions so I can understand how they perform. Throughout the day I speak with suppliers and customers, making sure our clothing remains practical, comfortable and stylish.","We're planning to expand the brand, but our current identity doesn't capture the warmth, performance and style behind our ski clothing. I want a strong visual identity and website that immediately communicate what Warm Look stands for and make winter customers excited to explore the collection.","I want Warm Look to become a trusted winter brand for people who want to stay warm, comfortable and stylish while enjoying the mountains and snow.","ski wear, winter, warmth, mountains, adventure, performance, comfort, outdoor",ski shop,m5
60,Lamps Galore,Home & Lighting,"A lighting business specialising in lamps for homes, offices and contemporary interiors.",Ava Edwards,F,"Sydney, Australia","Lamps Galore is a new lighting business specialising in lamps for homes, offices and contemporary interiors. Our business focuses on providing quality home & lighting products and services with a clear focus on customer experience. We want customers to enjoy a memorable experience and feel confident returning to us.","I have always believed that the right lamp can completely change the atmosphere of a room. While decorating my own home, I became frustrated by how difficult it was to find lighting that was both practical and interesting, so I began collecting and sourcing designs I loved. Lamps Galore grew from that passion for helping people make their spaces feel warmer, brighter and more personal.","Each morning begins with checking new deliveries, preparing displays and making sure our lamps are presented clearly. During the day I help customers choose lighting for different rooms and explain how different styles and brightness levels can change a space. I also spend time planning new displays and sourcing designs that fit current interiors.","We're ready to grow our lighting business, but our current branding doesn't show the variety and personality of our products. I want a memorable logo and website that make Lamps Galore feel modern and inspiring, helping customers picture how our lighting could transform their own spaces.",I want Lamps Galore to become the place people think of whenever they want lighting that can make their home or workspace feel completely different.,"lighting, lamps, interiors, illumination, modern, home, ambience, design",light fittings,f6
61,Light Up,Home & Lighting,A lighting business specialising in lighting products and fixtures for homes and modern interiors.,Jack Foster,M,"Sydney, Australia",Light Up is a new lighting business specialising in lighting products and fixtures for homes and modern interiors. Our business focuses on providing quality home & lighting products and services with a clear focus on customer experience. We want customers to enjoy a memorable experience and feel confident returning to us.,"My interest in lighting started when I began renovating my first home and discovered how much difference good lighting could make to a space. I became fascinated by the way different fixtures could create completely different moods, from bright and practical to warm and relaxing. Light Up was created to help people find lighting that makes their homes feel the way they want them to feel.","Most mornings are spent checking lighting stock, preparing displays and responding to customer enquiries. Throughout the day I help people choose fixtures for bedrooms, living areas, offices and other spaces, often discussing the mood and function they want to create. Between customers I organise new products and work on ideas for future displays.","We're preparing to give the business a stronger identity, but our current presentation doesn't communicate how much lighting can change a room. I need a logo and website that feel modern and inviting, helping customers understand our products and inspiring them to rethink their own spaces.",I want Light Up to become a trusted lighting brand that inspires people to see how the right light can transform the way they live and work.,"lighting, modern, interiors, ambience, illumination, home, style, transformation",light fittings,m7
62,Rapid Thai,Food & Beverage,"A Thai restaurant specialising in authentic dishes, aromatic spices and vibrant flavours.",Emily Harris,F,"Sydney, Australia","Rapid Thai is a new Thai restaurant specialising in authentic dishes, aromatic spices and vibrant flavours. Our business focuses on providing quality food & beverage products and services with a clear focus on customer experience. We want customers to enjoy a memorable experience and feel confident returning to us.","Some of my earliest memories are of family meals filled with the aroma of fresh herbs, chilli and spices. After travelling and learning more about Thai cooking, I wanted to share the balance of sweet, sour, salty and spicy flavours that I had come to love. Rapid Thai began as a way to bring those authentic flavours to our local community in a relaxed setting.","Each morning starts with preparing fresh herbs, vegetables, sauces and other ingredients for the day's service. Lunch brings in local workers, families and people looking for a quick meal, while evenings become busier with groups sharing dishes together. Between services I work with the kitchen team to keep recipes consistent and make sure every plate reflects the flavours we want customers to remember.","We're preparing to grow the restaurant, but our current branding doesn't capture the energy, colour and authentic flavours of our food. I want a memorable logo and website that make Rapid Thai instantly recognisable and encourage new customers to discover us.","I want Rapid Thai to become the restaurant people think of whenever they want fresh, vibrant Thai food full of authentic flavour and energy.","Thai food, fresh, authentic, vibrant, spicy, street food, energetic, flavour",restaurant,f8
63,Tasty Chinese,Food & Beverage,A Chinese restaurant specialising in traditional dishes and familiar favourites for relaxed dining.,James Hayes,M,"Sydney, Australia",Tasty Chinese is a new Chinese restaurant specialising in traditional dishes and familiar favourites for relaxed dining. Our business focuses on providing quality food & beverage products and services with a clear focus on customer experience. We want customers to enjoy a memorable experience and feel confident returning to us.,"I grew up in a family where sharing Chinese food around the table was a big part of everyday life and special occasions. The dishes were always about bringing people together, with everyone reaching across the table to try something different. Tasty Chinese was created to recreate that welcoming experience and share the traditional flavours I grew up with.","Every morning begins with preparing fresh ingredients, sauces and traditional dishes before the restaurant opens. Lunch is usually busy with families, workers and regular customers, while evenings bring groups looking to share a relaxed meal together. Throughout the day I move between the kitchen and front of house, making sure the food and service feel welcoming.","We're ready to introduce the restaurant to more customers, but our current identity doesn't yet communicate the warmth and tradition behind our food. I need a strong logo and website that make Tasty Chinese recognisable, welcoming and appealing to people looking for a relaxed Chinese dining experience.",I want Tasty Chinese to become a welcoming local favourite where people think of going whenever they want traditional Chinese food shared with family and friends.,"Chinese food, traditional, family, sharing, authentic, warm, generous, welcoming",restaurant,m9
64,Hot Mexican,Food & Beverage,"A Mexican restaurant specialising in bold flavours, traditional dishes and casual dining.",Ella Jackson,F,"Sydney, Australia","Hot Mexican is a new Mexican restaurant specialising in bold flavours, traditional dishes and casual dining. Our business focuses on providing quality food & beverage products and services with a clear focus on customer experience. We want customers to enjoy a memorable experience and feel confident returning to us.","I have always loved the bold flavours and lively atmosphere that make Mexican food such a great social experience. After travelling through Mexico and discovering new dishes and cooking traditions, I wanted to bring that energy home. Hot Mexican grew from my desire to create a casual place where people could enjoy generous food, bright flavours and good company.","Most mornings are spent preparing fresh vegetables, spices, sauces and other ingredients before opening. During lunch and dinner the restaurant fills with customers looking for bold flavours and a relaxed atmosphere. I spend the day checking dishes, helping the team and making sure every table receives the generous, colourful food we are known for.","We're planning to grow the restaurant, but our current branding doesn't have the bold personality of our food. I want a logo and website that feel energetic and memorable, showing customers what Hot Mexican is about before they even walk through the door.","I want Hot Mexican to become the place people recommend whenever someone wants bold Mexican flavours, generous food and a fun atmosphere.","Mexican food, bold, spicy, colourful, festive, energetic, tacos, flavour",restaurant,f10
65,Spicy Indian,Food & Beverage,"An Indian restaurant specialising in aromatic curries, spices and traditional dishes.",Daniel King,M,"Sydney, Australia","Spicy Indian is a new Indian restaurant specialising in aromatic curries, spices and traditional dishes. Our business focuses on providing quality food & beverage products and services with a clear focus on customer experience. We want customers to enjoy a memorable experience and feel confident returning to us.","My passion for Indian food began in my family's kitchen, where spices were toasted, sauces were simmered and every meal seemed to have its own story. As I travelled and tried regional dishes, I became even more interested in the variety and depth of Indian cooking. Spicy Indian was created to share those flavours while giving people a place to enjoy traditional food together.","Each morning starts with preparing spices, sauces and fresh ingredients for the day's dishes. Lunch is usually a mix of regular customers and people discovering us for the first time, while evenings are spent serving families and groups sharing several dishes. I also spend time checking recipes and making sure the flavours stay consistent from kitchen to table.","We're excited to grow the restaurant, but our current identity doesn't capture the richness and variety of our food. I need a memorable brand and website that communicate the warmth, colour and flavour of Spicy Indian and make people want to experience it for themselves.","I want Spicy Indian to become a trusted name for people who love rich spices, traditional Indian flavours and meals worth sharing.","Indian food, spices, authentic, aromatic, colourful, traditional, sharing, flavour",restaurant,m11
66,Comfy,Home & Living,A home-furnishing business specialising in comfortable and practical furniture for everyday living.,Ruby Lawson,F,"Sydney, Australia",Comfy is a new home-furnishing business specialising in comfortable and practical furniture for everyday living. Our business focuses on providing quality home & living products and services with a clear focus on customer experience. We want customers to enjoy a memorable experience and feel confident returning to us.,"I have always thought a home should feel comfortable enough to relax in and practical enough to live in every day. After struggling to find furniture that combined both qualities without sacrificing style, I started looking for better options and eventually decided to create my own collection. Comfy was built around the simple idea that beautiful furniture should also make everyday life easier.","Most mornings are spent checking furniture deliveries, preparing displays and responding to customer enquiries. Throughout the day I help people compare sofas, chairs and other pieces based on comfort, size and the way they use their homes. I also spend time planning room displays so customers can picture how the furniture might look in their own space.","We're preparing to expand our furniture range, but our current branding doesn't communicate the balance of comfort and style we want to be known for. I want a strong logo and website that make Comfy feel trustworthy and inviting, helping customers imagine our furniture in their own homes.","I want Comfy to become the furniture brand people think of when they want a home that feels comfortable, practical and stylish at the same time.","furniture, comfort, home, cosy, practical, stylish, relaxing, quality",-,f12
67,Chairs Only,Home & Living,"A furniture business specialising in chairs for homes, offices and everyday spaces.",Samuel Mitchell,M,"Sydney, Australia","Chairs Only is a new furniture business specialising in chairs for homes, offices and everyday spaces. Our business focuses on providing quality home & living products and services with a clear focus on customer experience. We want customers to enjoy a memorable experience and feel confident returning to us.","I became interested in furniture after renovating my home and realising how important a good chair is to the way a room feels and functions. I started researching different shapes, materials and designs, and soon realised there was room for a store dedicated to getting this simple piece of furniture right. Chairs Only grew from my belief that the right chair can make a surprisingly big difference.","Each morning begins by checking our chair displays and preparing new deliveries for the showroom. During the day I talk with customers about comfort, materials, style and how each chair will be used, whether at home or at work. I also spend time sourcing new designs and testing different options so the collection stays interesting.","We're ready to build a more recognisable furniture brand, but our current identity doesn't show how much attention we give to comfort, design and quality. I need a memorable logo and website that make Chairs Only distinctive and encourage customers to think differently about an everyday piece of furniture.","I want Chairs Only to become the place people think of whenever they need a chair that looks great, feels comfortable and suits the way they live.","chairs, seating, comfort, furniture, ergonomic, design, practical, modern",-,m13
68,Sleepy Head,Home & Living,A home-furnishing business specialising in beds and mattresses designed for comfort and restful sleep.,Evie Parker,F,"Sydney, Australia",Sleepy Head is a new home-furnishing business specialising in beds and mattresses designed for comfort and restful sleep. Our business focuses on providing quality home & living products and services with a clear focus on customer experience. We want customers to enjoy a memorable experience and feel confident returning to us.,"For years I struggled to find a bed and mattress that gave me the comfort I needed for a genuinely good night's sleep. That experience made me realise how important the right sleep environment is, so I began researching materials, support and different mattress designs. Sleepy Head was created to help people find the comfort they need to wake up feeling refreshed.","Most mornings are spent checking mattress stock, preparing the showroom and making sure each bed is presented comfortably. Throughout the day I help customers compare different levels of support, materials and firmness, often taking time to understand how they currently sleep. I also review customer feedback and new products so we can keep improving the range.","We're planning to grow the business, but our current branding doesn't communicate the importance of comfort and good sleep. I want a calm, memorable logo and website that make Sleepy Head feel trustworthy and help customers feel confident choosing the right mattress for themselves.",I want Sleepy Head to become a trusted name for people who are ready to stop compromising on comfort and finally enjoy a better night's sleep.,"sleep, mattresses, comfort, restful, wellness, bedroom, support, relaxation",bedding shop,f14
69,Tubs & Taps,Home & Living,"A home-improvement business specialising in bathroom fittings, fixtures and practical renovation products.",Leo Reed,M,"Sydney, Australia","Tubs & Taps is a new home-improvement business specialising in bathroom fittings, fixtures and practical renovation products. Our business focuses on providing quality home & living products and services with a clear focus on customer experience. We want customers to enjoy a memorable experience and feel confident returning to us.","My interest in bathroom design started when I renovated my own bathroom and discovered just how many decisions were involved in choosing taps, fittings and fixtures. I wanted to make the process easier by bringing practical, well-designed products together in one place. Tubs & Taps grew from that experience and my love of helping people create bathrooms they are proud of.","Each morning starts with checking deliveries, organising bathroom fittings and preparing displays for customers. During the day I help people compare taps, tubs and other fixtures based on style, size and practicality. I also spend time working with suppliers and planning display combinations that can give customers ideas for their own renovations.","We're ready to reach more renovation customers, but our current identity doesn't show how much choice and advice we offer. I need a strong logo and website that make Tubs & Taps feel modern and reliable, helping customers feel confident when planning their bathroom.",I want Tubs & Taps to become a trusted destination for people planning a bathroom renovation and looking for quality products and useful advice.,"bathroom, renovation, taps, tubs, fixtures, modern, quality, practical",cutlery,m15
70,Gents Only,Fashion & Apparel,A fashion brand specialising in men's clothing with a classic and contemporary style.,Matilda Robinson,F,"Sydney, Australia",Gents Only is a new fashion brand specialising in men's clothing with a classic and contemporary style. Our business focuses on providing quality fashion & apparel products and services with a clear focus on customer experience. We want customers to enjoy a memorable experience and feel confident returning to us.,"I have always believed that men's clothing should be simple, well made and easy to wear without feeling boring. After finding myself searching for the same balance of classic pieces and modern style, I decided to create a collection based on the clothes I wanted in my own wardrobe. Gents Only was created for men who appreciate quality, confidence and understated style.","Most mornings are spent checking new clothing arrivals, preparing displays and organising online orders. During the day I help customers put together outfits for work, weekends and special occasions, focusing on fit and simple combinations that work well together. I also spend time selecting new pieces that balance classic style with current trends.","We're preparing to expand our clothing collection, but our current branding doesn't communicate the simple confidence and quality behind the range. I want a memorable logo and website that make Gents Only feel sophisticated and recognisable to men looking for dependable style.","I want Gents Only to become a recognisable clothing brand for men who want simple, confident style and quality pieces they can wear every day.","menswear, classic, confidence, tailored, smart, everyday, sophisticated, quality",formal wear,f16
71,Unisex Socks,Fashion & Apparel,A fashion brand specialising in sporting socks designed for athletes and active lifestyles.,Max Scott,M,"Sydney, Australia",Unisex Socks is a new fashion brand specialising in sporting socks designed for athletes and active lifestyles. Our business focuses on providing quality fashion & apparel products and services with a clear focus on customer experience. We want customers to enjoy a memorable experience and feel confident returning to us.,"Sport has always been a major part of my life, and I learnt early that small details can make a big difference when you are training or competing. I became particularly interested in finding socks that stayed comfortable, supported movement and held up through constant use. Unisex Socks grew from that search for practical sportswear that works for everyone.","Each morning begins with checking stock, preparing orders and making sure our different sports sock designs are ready for customers. Throughout the day I speak with athletes and active customers about fit, support and the conditions they train in. I also spend time testing new materials and checking feedback so the products remain comfortable during real activity.","We're ready to grow the brand, but our current identity doesn't communicate the performance and comfort behind our products. I need a clear, memorable logo and website that show athletes and active customers why Unisex Socks can be part of their everyday training.","I want Unisex Socks to become a trusted sportswear name for anyone who wants comfortable, supportive socks that can keep up with an active lifestyle.","sports socks, activewear, performance, comfort, support, athletic, durable, unisex",-,m17
72,Skirts & Tops,Fashion & Apparel,"A fashion brand specialising in women's clothing, including skirts, tops and everyday styles.",Lucy Turner,F,"Sydney, Australia","Skirts & Tops is a new fashion brand specialising in women's clothing, including skirts, tops and everyday styles. Our business focuses on providing quality fashion & apparel products and services with a clear focus on customer experience. We want customers to enjoy a memorable experience and feel confident returning to us.","I have always enjoyed putting together outfits and experimenting with simple pieces that can be mixed and matched in different ways. I noticed that skirts and tops were often treated as basic wardrobe items, even though they can completely change the look of an outfit. Skirts & Tops was created to make everyday fashion feel more creative, comfortable and personal.","Most mornings are spent preparing new clothing arrivals, organising displays and checking online orders. Throughout the day I help customers put together skirts and tops for different occasions, from everyday outfits to something more dressed up. I also spend time experimenting with new combinations and planning future collections.","We're planning to rebrand so the business feels more creative and current, but our existing identity doesn't show how much personality our clothing can offer. I want a logo and website that make Skirts & Tops feel fashionable, approachable and inspiring to customers building their own style.",I want Skirts & Tops to become a fashion brand people turn to when they want simple pieces that let them create their own personal style.,"fashion, skirts, tops, style, feminine, versatile, expressive, modern",cloth shop (f),f18
73,Hot Shoes,Fashion & Apparel,A footwear business specialising in stylish shoes for everyday wear and modern lifestyles.,Jacob Walker,M,"Sydney, Australia",Hot Shoes is a new footwear business specialising in stylish shoes for everyday wear and modern lifestyles. Our business focuses on providing quality fashion & apparel products and services with a clear focus on customer experience. We want customers to enjoy a memorable experience and feel confident returning to us.,"I have always believed that a great pair of shoes can change both an outfit and the way someone carries themselves. After years of searching for stylish shoes that were also comfortable enough for everyday life, I decided to create a collection that balanced both qualities. Hot Shoes grew from that idea of making footwear something people genuinely enjoy wearing.","Each morning begins with unpacking new footwear, checking sizes and preparing displays for customers. During the day I help people find shoes and boots that match their style while still being comfortable enough to wear regularly. I also spend time reviewing new designs and making sure popular sizes and styles remain available.","We're ready to expand our footwear range, but our current branding doesn't capture the confidence and personality behind our products. I need a memorable logo and website that make Hot Shoes stand out and encourage customers to see our footwear as both stylish and comfortable.",I want Hot Shoes to become the footwear brand people think of when they want stylish shoes and boots that still feel good to wear.,"footwear, shoes, boots, fashion, comfort, stylish, confidence, everyday",premium footwear,m19
74,Doggie,Pet Care,"A pet-care business specialising in accessories, supplies and everyday products for dogs.",Maya Wilson,F,"Sydney, Australia","Doggie is a new pet-care business specialising in accessories, supplies and everyday products for dogs. Our business focuses on providing quality pet care products and services with a clear focus on customer experience. We want customers to enjoy a memorable experience and feel confident returning to us.","My dog has been part of my family for years, and I quickly discovered how many little things are needed to keep a pet happy and comfortable. From collars and toys to everyday accessories, I wanted to make finding useful and fun products easier for other dog owners. Doggie was created from my love of dogs and the belief that they deserve to be spoiled too.","Most mornings start with checking stock, preparing online orders and making sure the latest dog accessories are displayed clearly. Throughout the day I help owners choose collars, toys and other products based on their dogs' size, habits and personality. I also spend time discovering new products that can make everyday life with a dog more enjoyable.","We're growing our range of dog products, but our current branding doesn't show the fun and care behind the business. I want a friendly logo and website that make Doggie instantly recognisable and help dog owners find products they will be excited to use.","I want Doggie to become a favourite destination for dog owners looking for fun, practical products that make life with their pets even better.","dogs, pet accessories, playful, practical, colourful, collars, toys, friendly",pet shop,f20
75,Toolist,Arts & Crafts,"An art-supplies business specialising in materials and tools for drawing, painting and creative projects.",Noah Anderson,M,"Sydney, Australia","Toolist is a new art-supplies business specialising in materials and tools for drawing, painting and creative projects. Our business focuses on providing quality arts & crafts products and services with a clear focus on customer experience. We want customers to enjoy a memorable experience and feel confident returning to us.","I have always loved drawing and painting, and over time I collected more brushes, paints, papers and tools than I knew what to do with. I began helping other artists find materials and realised how satisfying it was to match people with the right tools for their creative projects. Toolist was created to make that process easier and more inspiring for artists at every level.","Each morning begins with unpacking art supplies, checking stock and preparing orders for artists and students. During the day I help customers choose brushes, paints, papers and other tools depending on what they are creating. I also spend time testing new materials myself because I want to be able to give customers useful advice rather than simply point them towards a shelf.","We're ready to reach more artists and students, but our current identity doesn't communicate the creativity and expertise behind our store. I need a strong logo and website that make Toolist feel inspiring and trustworthy, helping customers find the materials they need to create.",I want Toolist to become a trusted creative destination where artists and students know they can find the right materials to bring their ideas to life.,"art supplies, creativity, artists, brushes, paints, materials, studio, inspiration",art tools,m1
76,Re-lax,Health & Wellness,A wellness business specialising in massage treatments designed for relaxation and wellbeing.,Amelia Bennett,F,"Sydney, Australia",Re-lax is a new wellness business specialising in massage treatments designed for relaxation and wellbeing. Our business focuses on providing quality health & wellness products and services with a clear focus on customer experience. We want customers to enjoy a memorable experience and feel confident returning to us.,I first became interested in massage after discovering how much a quiet hour of relaxation could change the way I felt after a stressful week. That experience inspired me to learn more about wellness and create a space where people could step away from their busy routines. Re-lax was built around the idea that taking time to slow down is an important part of looking after yourself.,"Most mornings begin by preparing the space, checking appointments and making sure everything feels calm before the first clients arrive. Throughout the day I welcome people looking for time away from work and everyday stress, then help them choose treatments that suit what they need. Between appointments I reset the rooms and make sure the next client walks into the same peaceful environment.","We're preparing to introduce the business to a wider audience, but our current branding doesn't create the calm feeling we want customers to experience. I want a peaceful, memorable logo and website that communicate relaxation immediately and encourage people to make time for themselves.","I want Re-lax to become the place people think of whenever they need to slow down, switch off and give themselves some well-deserved time to relax.","relaxation, wellness, calm, spa, self-care, peaceful, soothing, retreat",-,f2
77,Books for You,Books & Education,A bookstore specialising in local books and reading materials for the community.,Ethan Carter,M,"Sydney, Australia",Books for You is a new bookstore specialising in local books and reading materials for the community. Our business focuses on providing quality books & education products and services with a clear focus on customer experience. We want customers to enjoy a memorable experience and feel confident returning to us.,"I have always believed that a local bookstore can become much more than a place to buy books; it can become part of the community. Growing up, I loved discovering stories recommended by people around me, and I wanted to create that same personal experience for others. Books for You was created to connect local readers with books they can enjoy, share and talk about.","Each morning starts with unpacking new books, checking recommendations and arranging the shelves so customers can easily discover something interesting. Throughout the day I help readers find books based on their favourite genres, authors and moods, while also chatting with regular customers about what they have been reading. I spend quieter periods ordering new titles and creating small displays around different themes.","We're ready to grow our local bookstore, but our current identity doesn't capture the personal experience we want readers to have. I need a warm logo and website that make Books for You feel like a trusted local destination and encourage people to discover their next favourite book.",I want Books for You to become the local bookstore people recommend whenever someone is looking for a great book and a personal recommendation.,"books, reading, bookstore, stories, recommendations, community, cosy, discovery",book shop,m3
78,Booty,Fashion & Apparel,"A footwear business specialising in boots for men and women, combining practicality with everyday style.",Mia Collins,F,"Sydney, Australia","Booty is a new footwear business specialising in boots for men and women, combining practicality with everyday style. Our business focuses on providing quality fashion & apparel products and services with a clear focus on customer experience. We want customers to enjoy a memorable experience and feel confident returning to us.","I have always loved boots because they can be practical, durable and stylish at the same time. After struggling to find pairs that could handle everyday life while still looking great, I began searching for better designs and materials. Booty grew from that passion for creating boots that people can rely on and enjoy wearing every day.","Most mornings are spent checking new boot deliveries, organising sizes and preparing displays. During the day I help customers find boots that suit their style and the way they plan to wear them, from everyday walking to special occasions. I also spend time checking new materials and designs so the collection remains practical while still feeling current.","We're planning to build a stronger footwear brand, but our current look doesn't communicate the durability and style behind our boots. I want a memorable logo and website that make Booty distinctive and help customers feel confident choosing us for everyday footwear.",I want Booty to become a trusted footwear brand for people who want boots that combine everyday durability with style and personality.,"boots, footwear, durable, rugged, stylish, outdoor, practical, confidence",premium footwear,f4
79,Knitting Needle,Fashion & Apparel,"A fashion business specialising in hand-knitted garments, including jumpers, scarves and gloves.",Henry Dawson,M,"Sydney, Australia","Knitting Needle is a new fashion business specialising in hand-knitted garments, including jumpers, scarves and gloves. Our business focuses on providing quality fashion & apparel products and services with a clear focus on customer experience. We want customers to enjoy a memorable experience and feel confident returning to us.","Knitting became a creative hobby for me when I was looking for a slower, more hands-on way to make clothing and gifts. I loved the feeling of turning a simple ball of yarn into something warm and personal, and eventually began making pieces for friends and family. Knitting Needle was created to share that handmade feeling through carefully crafted garments.","Each morning begins with checking yarn, preparing knitting orders and working on pieces that are currently in progress. Throughout the day I speak with customers about colours, patterns and materials, and help beginners choose supplies for their first projects. When things are quieter I work on new designs and experiment with different knitting techniques.","We're ready to reach more people who love handmade crafts, but our current branding doesn't communicate the warmth and creativity behind our products. I need a welcoming logo and website that make Knitting Needle feel personal and inspiring to both experienced knitters and beginners.","I want Knitting Needle to become a welcoming destination for people who love handmade crafts and want to discover beautiful materials, ideas and inspiration.","knitting, yarn, handmade, crafts, cosy, creativity, patterns, community",-,m5
80,Beautiful Flowers,Flowers & Gifts,A florist specialising in specialty flowers and distinctive arrangements for gifts and occasions.,Grace Edwards,F,"Sydney, Australia",Beautiful Flowers is a new florist specialising in specialty flowers and distinctive arrangements for gifts and occasions. Our business focuses on providing quality flowers & gifts products and services with a clear focus on customer experience. We want customers to enjoy a memorable experience and feel confident returning to us.,"Flowers have always been part of the most memorable moments in my life, from birthdays and weddings to simple bouquets given just to make someone smile. After learning more about arranging flowers, I wanted to create designs that felt personal rather than ordinary. Beautiful Flowers grew from my love of creating arrangements that help people express feelings without words.","Most mornings begin at the flower market, selecting fresh blooms and preparing them for the day's arrangements. During the day I create bouquets for birthdays, celebrations and everyday surprises while talking with customers about the feeling they want their flowers to express. I also spend time caring for the flowers so everything stays fresh and beautiful.","We're growing our florist business, but our current identity doesn't capture the beauty and personal feeling behind our arrangements. I want a memorable logo and website that make Beautiful Flowers stand out and help customers imagine the perfect bouquet for someone they care about.","I want Beautiful Flowers to become the florist people think of whenever they want to send flowers that feel personal, thoughtful and genuinely special.","flowers, florist, bouquets, fresh, elegant, botanical, thoughtful, beautiful",florist shop,f6
81,My Daily Juice,Food & Beverage,A beverage business specialising in fresh fruit juices made from quality ingredients.,William Foster,M,"Sydney, Australia",My Daily Juice is a new beverage business specialising in fresh fruit juices made from quality ingredients. Our business focuses on providing quality food & beverage products and services with a clear focus on customer experience. We want customers to enjoy a memorable experience and feel confident returning to us.,"I have always enjoyed starting the day with fresh fruit and wanted to find a way to make healthy drinks more convenient without losing the taste of real ingredients. After experimenting with different fruits and combinations at home, I began sharing the juices with friends and family. My Daily Juice grew from that simple idea of making fresh, enjoyable drinks part of everyday life.","Each morning starts with washing and preparing fresh fruit before juicing and bottling the day's drinks. Throughout the day I prepare orders, experiment with new fruit combinations and make sure everything is kept fresh and cold. I also spend time talking with customers about their favourite flavours and planning new juices for the range.","We're preparing to expand our fresh juice range, but our current branding doesn't communicate the freshness and everyday simplicity we want to offer. I need a bright, memorable logo and website that make My Daily Juice feel healthy, enjoyable and easy to choose.","I want My Daily Juice to become the fresh juice brand people choose when they want an easy, enjoyable way to add fresh fruit to their everyday routine.","juice, fresh, fruit, healthy, vibrant, natural, refreshing, everyday",juice shop,m7
82,WWW Coffee,Food & Beverage,"A café specialising in coffee, internet access and a comfortable space for work and browsing.",William Harris,M,"Sydney, Australia","WWW Coffee is a new café specialising in coffee, internet access and a comfortable space for work and browsing. Our business focuses on providing quality food & beverage products and services with a clear focus on customer experience. We want customers to enjoy a memorable experience and feel confident returning to us.","I have always enjoyed discovering cafés where I could sit with a good coffee and spend a few hours working or browsing the internet. I realised there were plenty of people looking for the same combination of good coffee, reliable internet and a comfortable place to stay. WWW Coffee was created to be a welcoming space where people can work, meet and relax over a great cup of coffee.","Most mornings begin by preparing the coffee machine, checking fresh beans and setting up the space for the first customers. Throughout the day I serve coffee and light food while people work, study, meet friends or simply relax with their laptops. I also keep an eye on the Wi-Fi and seating so the café remains comfortable for people who may stay for a few hours.","We're ready to grow the café, but our current branding doesn't communicate the comfortable work-and-coffee experience we want to provide. I want a modern logo and website that make WWW Coffee recognisable to students, workers and coffee lovers looking for a place to stay awhile.","I want WWW Coffee to become the café people recommend when someone needs great coffee, reliable Wi-Fi and a comfortable place to work or relax.","coffee, café, Wi-Fi, work, study, community, relaxed, modern",cafe,m9
83,Pizzarian,Food & Beverage,A pizza restaurant specialising in freshly prepared pizzas with a range of classic and contemporary toppings.,Sophie Hayes,F,"Sydney, Australia",Pizzarian is a new pizza restaurant specialising in freshly prepared pizzas with a range of classic and contemporary toppings. Our business focuses on providing quality food & beverage products and services with a clear focus on customer experience. We want customers to enjoy a memorable experience and feel confident returning to us.,"Some of my favourite memories involve sharing a freshly baked pizza with friends and family around a table. I became obsessed with finding the right dough, sauces and toppings, and eventually decided to turn that passion into a restaurant. Pizzarian was created to serve pizzas that feel familiar enough to love while giving customers plenty of reasons to try something new.","Each morning starts with preparing dough, sauces and fresh toppings before the first orders arrive. Lunch brings in workers, families and people looking for a quick meal, while evenings become busier with friends and groups sharing pizzas together. I spend the day checking the kitchen, trying new combinations and making sure every pizza leaves the oven hot and fresh.","We're preparing to grow the restaurant, but our current identity doesn't capture the fun and passion behind our pizzas. I need a memorable logo and website that make Pizzarian stand out locally and encourage people to choose us for their next meal with friends or family.",I want Pizzarian to become the local pizza place people think of whenever they want delicious food to share with family and friends.,"pizza, Italian, sharing, family, friends, casual, fresh, delicious",restaurant,f10
84,Hot Tub,Home & Living,A home-living business specialising in indoor spa tubs designed for relaxation and comfort.,Thomas Jackson,M,"Sydney, Australia",Hot Tub is a new home-living business specialising in indoor spa tubs designed for relaxation and comfort. Our business focuses on providing quality home & living products and services with a clear focus on customer experience. We want customers to enjoy a memorable experience and feel confident returning to us.,"I have always loved the feeling of relaxing in a spa, but travelling to a resort every time I wanted that experience was not practical. That made me wonder why people could not bring the same sense of relaxation into their own homes. Hot Tub was created to help turn ordinary indoor spaces into places where people can slow down, unwind and enjoy some personal time.","Most mornings are spent checking hot tubs, preparing showroom displays and answering enquiries from customers planning their own relaxation space. During the day I help people compare sizes, features and installation options while explaining how each model can fit into their home. I also spend time working with suppliers and testing new products so I can give customers practical advice.","We're ready to expand the business, but our current branding doesn't communicate the relaxing experience our products provide. I want a strong logo and website that make Hot Tub feel premium but approachable, helping customers imagine creating their own space to unwind at home.",I want Hot Tub to become a trusted name for people who want to turn their own home into a place where they can relax and escape from everyday stress.,"hot tubs, relaxation, luxury, wellness, home, spa, comfort, escape",-,m11
85,Anteak,Home & Living,A home-furnishing business specialising in antique furniture with distinctive character and heritage.,Chloe King,F,"Sydney, Australia",Anteak is a new home-furnishing business specialising in antique furniture with distinctive character and heritage. Our business focuses on providing quality home & living products and services with a clear focus on customer experience. We want customers to enjoy a memorable experience and feel confident returning to us.,"My fascination with antique furniture began when I inherited an old cabinet from my grandparents and discovered how much history could be contained in a single piece. I started visiting markets, auctions and antique stores, learning to appreciate the craftsmanship and stories behind older furniture. Anteak was created to share that appreciation with people who want their homes to have character and history.","Each morning begins by checking recent finds, cleaning and preparing antique furniture for display. Throughout the day I speak with customers about the history, craftsmanship and condition of different pieces, often helping them imagine how an item could fit into their home. I also spend time visiting markets and auctions looking for furniture with interesting stories.","We're planning to rebrand so customers can better appreciate the character and history behind our furniture. I need a distinctive logo and website that make Anteak feel authentic and memorable, while showing collectors why our pieces are worth discovering.","I want Anteak to become a destination for people who appreciate antique furniture, craftsmanship and pieces with stories that deserve to be preserved.","antiques, furniture, vintage, craftsmanship, heritage, authentic, timeless, character",-,f12
86,Love Handle,Health & Wellness,A wellness business specialising in weight-management products and related health-support products.,Alexander Lawson,M,"Sydney, Australia",Love Handle is a new wellness business specialising in weight-management products and related health-support products. Our business focuses on providing quality health & wellness products and services with a clear focus on customer experience. We want customers to enjoy a memorable experience and feel confident returning to us.,My interest in weight management began after seeing how difficult it can be for people to find practical products that fit into their everyday routines. I wanted to create a business that made the process feel more approachable rather than overwhelming. Love Handle grew from the idea of offering useful products that can support people as they work towards their personal wellbeing goals.,"Most mornings are spent organising products, preparing orders and checking new items that may be useful for customers working towards their personal goals. During the day I answer questions and help people understand how different products might fit into their everyday routines. I also spend time reviewing customer feedback and looking for practical ways to make the range more useful.","We're preparing to build a stronger wellness brand, but our current identity doesn't communicate the practical and supportive approach behind our products. I want a clear, approachable logo and website that make Love Handle feel trustworthy without making customers feel overwhelmed.",I want Love Handle to become a supportive and approachable brand for people looking for practical products that can fit into their personal wellbeing goals.,"wellness, support, practical, lifestyle, confidence, wellbeing, approachable, self-improvement",-,m13
87,Candid Camera,Photography & Imaging,A camera retailer specialising in cameras and photography equipment for everyday and enthusiast use.,Lily Mitchell,F,"Sydney, Australia",Candid Camera is a new camera retailer specialising in cameras and photography equipment for everyday and enthusiast use. Our business focuses on providing quality products and services with a clear focus on customer experience. We want customers to enjoy a memorable experience and feel confident returning to us.,"I became interested in photography after receiving my first camera and realising how differently the world could look through a lens. As my hobby grew, so did my collection of cameras, lenses and accessories, and I started helping friends choose their own equipment. Candid Camera was created to make photography gear easier to understand and more accessible to people at different experience levels.","Each morning starts with checking cameras, lenses and accessories before preparing online and in-store orders. Throughout the day I help photographers compare equipment based on their experience, budget and the type of images they want to create. I also spend time testing new gear and keeping up with developments in photography so I can give customers informed advice.","We're ready to reach more photographers, but our current branding doesn't communicate the expertise and excitement behind our camera equipment. I need a modern logo and website that make Candid Camera recognisable and help customers feel confident choosing the right gear.",I want Candid Camera to become a trusted destination for photographers who want quality equipment and advice without feeling overwhelmed by technical choices.,"photography, cameras, lenses, equipment, creative, professional, guidance, technology",-,f14
88,All sports,Sports & Recreation,A sports retailer specialising in equipment and gear for a range of sporting activities.,Benjamin Parker,M,"Sydney, Australia",All sports is a new sports retailer specialising in equipment and gear for a range of sporting activities. Our business focuses on providing quality sports & recreation products and services with a clear focus on customer experience. We want customers to enjoy a memorable experience and feel confident returning to us.,"Sport has always been a big part of my life, but I found it frustrating having to visit different stores whenever I wanted equipment for different activities. I wanted to create one place where people could find reliable gear whether they were playing casually or training seriously. All sports grew from that idea of making it easier for everyone to get involved and stay active.","Most mornings are spent checking equipment, preparing displays and organising orders for different sports. Throughout the day I help customers find gear for everything from casual weekend activities to more serious training, often comparing products based on how they will be used. I also spend time checking new equipment and keeping popular sizes and items in stock.","We're planning to grow the store, but our current identity doesn't communicate the variety of sports and activities we support. I want a bold, versatile logo and website that make All sports easy to recognise and encourage more people to find the equipment they need to stay active.","I want All sports to become the place people think of whenever they need reliable equipment for getting active, trying something new or improving their game.","sports, equipment, active, fitness, variety, performance, recreation, community",-,m15
89,Party Galore,Party & Events,A party-supplies business specialising in themed decorations and accessories for celebrations and events.,Sienna Reed,F,"Sydney, Australia",Party Galore is a new party-supplies business specialising in themed decorations and accessories for celebrations and events. Our business focuses on providing quality party & events products and services with a clear focus on customer experience. We want customers to enjoy a memorable experience and feel confident returning to us.,"I have always enjoyed the moment when a plain room is transformed into a themed party with decorations, props and little details. After helping organise celebrations for friends, I realised how much time people spend searching for all those pieces separately. Party Galore was created to make planning a fun celebration easier by bringing everything together in one place.","Each morning begins with checking upcoming orders, preparing decorations and organising party supplies by theme. Throughout the day I help customers find everything they need for birthdays, weddings and other celebrations, from balloons and tableware to small finishing touches. I also spend time creating new displays so customers can see how different products could work together.","We're ready to grow beyond individual party orders, but our current branding doesn't show the huge variety of celebrations we can help with. I need a colourful, memorable logo and website that make Party Galore exciting to explore and easy for customers to shop.",I want Party Galore to become the first place people think of when they are planning a celebration and need everything to make it memorable.,"party supplies, celebrations, decorations, balloons, colourful, fun, festive, creative",party shop,f16
90,Pearls One,Jewellery & Accessories,A jewellery business specialising in pearl necklaces with classic and elegant designs.,Charlie Robinson,M,"Sydney, Australia",Pearls One is a new jewellery business specialising in pearl necklaces with classic and elegant designs. Our business focuses on providing quality jewellery & accessories products and services with a clear focus on customer experience. We want customers to enjoy a memorable experience and feel confident returning to us.,"I have always loved the timeless elegance of pearls and the way a simple necklace can make an outfit feel instantly special. After learning more about different pearl shapes, colours and settings, I wanted to create a collection that focused on classic beauty rather than passing trends. Pearls One was created for people who appreciate jewellery that can be treasured for years.","Most mornings are spent checking jewellery stock, preparing displays and inspecting each pearl piece before it goes on sale. During the day I help customers choose necklaces, earrings and other pieces based on their style and the occasion they are buying for. I also spend time researching new pearl designs and speaking with suppliers about quality and craftsmanship.","We're preparing to build a more recognisable jewellery brand, but our current identity doesn't communicate the timeless elegance of our pearl collection. I want a sophisticated logo and website that make Pearls One feel special and trustworthy, helping customers imagine our jewellery as something they can treasure.","I want Pearls One to become a jewellery brand people associate with timeless elegance, beautiful pearls and pieces that can be treasured for years.","pearls, jewellery, elegance, timeless, luxury, sophistication, classic, feminine",rings,m17
91,One Stop Stationary,Books & Education,"A stationery retailer specialising in writing, school and office supplies for everyday use.",Zoe Scott,F,"Sydney, Australia","One Stop Stationary is a new stationery retailer specialising in writing, school and office supplies for everyday use. Our business focuses on providing quality books & education products and services with a clear focus on customer experience. We want customers to enjoy a memorable experience and feel confident returning to us.","I have always loved stationery and the feeling of starting a new notebook with a fresh page full of possibilities. From school projects to office work, I realised that good pens, paper and supplies can make everyday tasks feel much easier. One Stop Stationary was created to give students, families and workplaces one convenient place to find the essentials they need.","Each morning begins with checking stationery stock, preparing orders and making sure everyday supplies are easy to find. Throughout the day I help students, families and businesses choose notebooks, pens, folders and other essentials for their needs. I also spend time organising new arrivals and preparing seasonal displays for the busy school and office periods.","We're ready to expand our customer base, but our current branding doesn't communicate how convenient and comprehensive our range is. I need a clear, memorable logo and website that make One Stop Stationary an obvious choice for students, families and businesses looking for everyday supplies.","I want One Stop Stationary to become the convenient place students, families and businesses think of whenever they need everyday stationery and supplies.","stationery, school, office, supplies, convenience, practical, organised, everyday",book shop,f18
92,Five Stars,Food & Beverage,"A French restaurant specialising in elegant, traditional French cuisine with a modern dining experience.",Oscar Turner,M,"Sydney, Australia","Five Stars is a new French dining restaurant bringing classic French flavours, quality ingredients and a warm European atmosphere to Sydney. We want to create a place where customers can enjoy beautifully presented food, thoughtful service and a memorable dining experience whether they are celebrating a special occasion or simply enjoying a night out.","I have always loved French food and the way a simple meal can become a memorable experience when good ingredients, careful cooking and great company come together. Some of my favourite memories are from small French restaurants where dinner felt like something to slow down and enjoy rather than simply another meal. Five Stars grew from that idea, bringing a little of that French dining experience to Sydney.","Each morning begins with selecting fresh ingredients and preparing the kitchen for the day's service. Throughout the day we prepare sauces, pastries and other dishes while making sure every detail is ready before our doors open. Evenings are filled with couples, families and groups enjoying French food, good wine and conversation, while I spend the night checking that every guest feels welcomed and looked after.","We're preparing to launch Five Stars as a French dining restaurant, but we need a brand identity that communicates the elegance, warmth and quality behind the experience. I want a memorable logo and website that make people immediately understand what Five Stars represents and encourage them to choose us when they want a special French meal in Sydney.","I want Five Stars to become the restaurant people think of whenever they want an elegant French meal, warm hospitality and a dining experience worth remembering.","French cuisine, elegant, Parisian, sophisticated, romantic, gourmet, traditional, warm, refined",restaurant,m19
93,Click First,Technology & Electronics,A technology retailer specialising in computer accessories and practical peripherals.,Harrison Walker,M,"Sydney, Australia",Click First is a new technology retailer specialising in computer accessories and practical peripherals. Our business focuses on providing quality products and services with a clear focus on customer experience. We want customers to enjoy a memorable experience and feel confident returning to us.,"My interest in technology started with building and upgrading my first computer, where I quickly learnt that the right accessories can make a big difference. I noticed that people often knew what computer they wanted but were unsure which keyboard, mouse, cable or other peripheral they actually needed. Click First was created to make those choices simpler and more approachable.","Each morning begins by checking computer accessories, preparing orders and making sure new products are clearly displayed. Throughout the day I help customers choose keyboards, mice, cables, webcams and other peripherals based on how they use their computers. I also spend time testing products so I can explain the differences in simple terms rather than overwhelming people with technical information.","We're ready to reach more customers, but our current branding doesn't make computer accessories feel simple and approachable. I need a modern logo and website that make Click First easy to recognise and help customers feel confident choosing the right technology for their needs.",I want Click First to become a trusted destination for people who want computer accessories explained simply and products that make their technology easier to use.,"technology, computer accessories, peripherals, practical, modern, simple, helpful, digital",-,m20
94,Mini Minion,Toys & Gifts,A toy business specialising in soft stuffed toys and cuddly gifts for children.,Harrison Wilson,M,"Sydney, Australia",Mini Minion is a new toy business specialising in soft stuffed toys and cuddly gifts for children. Our business focuses on providing quality toys & gifts products and services with a clear focus on customer experience. We want customers to enjoy a memorable experience and feel confident returning to us.,"I have always loved giving children soft toys because they often become much more than ordinary gifts; they can become comforting companions. After seeing how attached children became to their favourite stuffed animals, I wanted to create a collection that was soft, friendly and full of personality. Mini Minion grew from that desire to make little companions that children could love.","Most mornings are spent checking new soft toys, preparing displays and making sure online orders are packed carefully. Throughout the day I help families choose cuddly companions based on a child's age, interests and favourite characters. I also spend time looking for new designs and making sure every toy we stock feels safe, soft and lovable.","We're preparing to grow the business, but our current identity doesn't communicate the warmth and personality of our soft toys. I want a friendly, memorable logo and website that appeal to families and make Mini Minion feel like a brand children will want to know.","I want Mini Minion to become a lovable brand that children remember when they want a soft, friendly companion to take with them everywhere.","soft toys, cuddly, children, playful, cute, colourful, friendly, comforting",-,m1
95,Coral Reef,Pet Care,"A pet-care business specialising in aquariums, exotic pet fish and specialist fish-keeping supplies.",Olivia Anderson,F,"Sydney, Australia","Coral Reef is a new pet-care business specialising in aquariums, exotic pet fish and specialist fish-keeping supplies. Our business focuses on providing quality pet care products and services with a clear focus on customer experience. We want customers to enjoy a memorable experience and feel confident returning to us.","My fascination with aquariums began with a small fish tank at home and quickly turned into a much bigger hobby. I loved learning how different fish, plants and water environments could work together to create a miniature underwater world. Coral Reef was created to help other fish keepers discover that same enjoyment and find the specialist supplies they need.","Each morning starts with checking aquarium supplies, preparing orders and making sure our fish-keeping displays are healthy and well maintained. During the day I help customers choose food, equipment, plants and other products based on the type of aquarium they keep. I also spend time monitoring water conditions and learning about new products that can make aquarium care easier.","We're ready to build a stronger specialist identity, but our current branding doesn't show the expertise behind our aquarium products and advice. I need a memorable logo and website that make Coral Reef feel trustworthy to fish keepers and inspire people to create beautiful underwater environments.","I want Coral Reef to become a trusted name for aquarium owners who want quality supplies, specialist advice and healthy, beautiful underwater environments.","aquarium, fish, aquatic, coral, marine, specialist, healthy, underwater",pet shop,f2
96,Lady52,Fashion & Apparel,"A fashion brand specialising in women's swimwear designed for comfort, style and active lifestyles.",Isla Bennett,F,"Sydney, Australia","Lady52 is a new fashion brand specialising in women's swimwear designed for comfort, style and active lifestyles. Our business focuses on providing quality fashion & apparel products and services with a clear focus on customer experience. We want customers to enjoy a memorable experience and feel confident returning to us.","I have always believed swimwear should allow people to feel comfortable and confident while they are actually enjoying the water. After struggling to find designs that combined practicality with a style I genuinely liked, I decided to create my own collection. Lady52 grew from the idea that active swimwear should make people feel good both in and out of the water.","Most mornings are spent checking new swimwear, preparing online orders and making sure displays are organised by style and size. Throughout the day I help customers find pieces that feel comfortable and give them confidence whether they are swimming, exercising or relaxing by the water. I also spend time reviewing fabrics and new designs so the collection stays practical and current.","We're planning to grow the swimwear brand, but our current identity doesn't communicate the confidence, comfort and practicality we want to offer. I want a modern logo and website that make Lady52 feel stylish and approachable, encouraging women to find swimwear they genuinely enjoy wearing.","I want Lady52 to become a swimwear brand women think of when they want to feel comfortable, confident and stylish around the water.","swimwear, women, confidence, comfort, stylish, summer, water, active",cloth shop (f),f4
97,SealSkinz,Sports & Recreation,A sports retailer specialising in underwater diving gear and wetsuits for water-based activities.,Lucas Carter,M,"Sydney, Australia",SealSkinz is a new sports retailer specialising in underwater diving gear and wetsuits for water-based activities. Our business focuses on providing quality sports & recreation products and services with a clear focus on customer experience. We want customers to enjoy a memorable experience and feel confident returning to us.,"My love of diving began when I first explored the underwater world and realised how different everything feels below the surface. Over time I became interested in the equipment that makes diving safer, warmer and more enjoyable, especially good wetsuits and reliable gear. SealSkinz was created to help other divers find equipment they can trust when exploring underwater.","Each morning begins with checking diving equipment, preparing orders and making sure specialist products are ready for customers. During the day I help divers compare wetsuits and other gear based on water temperature, experience and the type of diving they enjoy. I also spend time testing equipment and speaking with suppliers so I can recommend products with confidence.","We're ready to expand our diving range, but our current branding doesn't communicate the specialist knowledge and reliability behind our products. I need a strong logo and website that make SealSkinz feel trustworthy and help divers understand why choosing the right equipment matters.",I want SealSkinz to become a trusted name among divers who need reliable equipment and want confidence when exploring beneath the surface.,"diving, wetsuits, underwater, specialist, performance, protection, adventure, reliable",ski shop,m5
98,The Pretty Ones,Fashion & Apparel,A fashion brand specialising in clothing and accessories for teenage girls.,Ava Collins,F,"Sydney, Australia",The Pretty Ones is a new fashion brand specialising in clothing and accessories for teenage girls. Our business focuses on providing quality fashion & apparel products and services with a clear focus on customer experience. We want customers to enjoy a memorable experience and feel confident returning to us.,"I remember how important fashion felt during my teenage years, when clothing was one of the easiest ways to express personality and fit in with friends. I wanted to create a brand that understood that stage of life without taking itself too seriously. The Pretty Ones was created to give teenage girls clothing and accessories that feel fun, current and uniquely theirs.","Most mornings are spent checking new arrivals, preparing displays and organising online orders. Throughout the day I help teenage customers find outfits and accessories that suit their personalities, whether they want something casual, colourful or more fashionable. I also spend time following youth fashion trends and planning new pieces that feel current without becoming too complicated.","We're planning to rebrand so the business feels more connected to today's teenage customers. I want a fun, memorable logo and website that communicate personality and confidence, making The Pretty Ones feel like a brand young customers can genuinely identify with.","I want The Pretty Ones to become a fashion brand teenage girls feel excited to discover, wear and use to express their own personalities.","teen fashion, youthful, trendy, playful, feminine, expressive, colourful, confidence",cloth shop (f),f6
99,Glassford Girl,Fashion & Accessories,A fashion-accessories brand specialising in designer sunglasses for women.,Mia Dawson,F,"Sydney, Australia",Glassford Girl is a new fashion-accessories brand specialising in designer sunglasses for women. Our business focuses on providing quality fashion & accessories products and services with a clear focus on customer experience. We want customers to enjoy a memorable experience and feel confident returning to us.,"I have always seen sunglasses as more than something that protects your eyes; they can completely change the character of an outfit. After collecting different styles and learning how much small details matter, I decided to create a collection focused on fashionable designs for women. Glassford Girl grew from my love of accessories that combine practicality with personality.","Each morning starts with checking new sunglasses, cleaning displays and preparing online orders. Throughout the day I help customers choose frames based on face shape, personal style and how they plan to wear them. I also spend time researching new designs and making sure the collection includes a mix of practical and fashionable options.","We're ready to grow our sunglasses collection, but our current identity doesn't capture the fashionable and expressive side of the brand. I need a stylish logo and website that make Glassford Girl recognisable and help customers see our sunglasses as an important part of their personal style.",I want Glassford Girl to become a recognisable fashion accessory brand for women who see sunglasses as an important part of their personal style.,"sunglasses, fashion, eyewear, stylish, feminine, modern, confidence, accessories",sunglasses,f12
100,My Wardrobe,Fashion & Apparel,"A fashion brand specialising in designer clothing for women with a sophisticated, premium style.",Emily Edwards,F,"Sydney, Australia","My Wardrobe is a new fashion brand specialising in designer clothing for women with a sophisticated, premium style. Our business focuses on providing quality fashion & apparel products and services with a clear focus on customer experience. We want customers to enjoy a memorable experience and feel confident returning to us.","Fashion has always been one of my favourite forms of self-expression, but I often found myself choosing between quality and designs that actually felt modern. After years of collecting pieces I loved, I decided to create a wardrobe built around sophisticated clothing that could last beyond a single season. My Wardrobe was created for women who want elegance, quality and confidence in what they wear.","Most mornings are spent reviewing new collections, preparing displays and organising customer orders. During the day I help women find clothing that suits their lifestyle, body shape and personal style, often building complete outfits rather than focusing on one piece. I also spend time selecting future pieces that feel sophisticated without becoming outdated too quickly.","We're preparing to reposition the business, but our current branding doesn't communicate the quality and confidence behind our clothing. I want an elegant logo and website that make My Wardrobe feel sophisticated and memorable, helping customers understand the style and value we offer.","I want My Wardrobe to become a trusted fashion destination for women who want sophisticated, quality clothing that makes them feel confident.","womenswear, fashion, sophisticated, quality, confidence, elegant, versatile, lifestyle",cloth shop (f),f13
101,myShoppingBag,Toys & Gifts,"A gift and curios business specialising in rare, unusual and intriguing decorative objects.",Grace Foster,F,"Sydney, Australia","myShoppingBag is a new gift and curios business specialising in rare, unusual and intriguing decorative objects. Our business focuses on providing quality toys & gifts products and services with a clear focus on customer experience. We want customers to enjoy a memorable experience and feel confident returning to us.","I have always been drawn to unusual objects that make people stop and ask, 'Where did you find that?' My home gradually filled with strange, beautiful and unexpected pieces collected from markets, travels and little shops. myShoppingBag was created to share that sense of discovery and help other people find objects that are just a little different from the ordinary.","Each morning begins with unpacking unusual new finds and deciding how they might be displayed. Throughout the day I help customers discover decorative and everyday objects that are a little different from what they would normally see in a regular store. I also spend time searching markets, suppliers and small makers for the next interesting thing to add to the collection.","We're ready to give the business a clearer identity, but our current branding doesn't capture the fun of discovering unusual and unexpected products. I want a distinctive logo and website that make myShoppingBag memorable and encourage customers to explore because they never know what they might find.","I want myShoppingBag to become the place people visit when they want to discover something unusual, unexpected and a little different from the ordinary.","quirky, unusual, discovery, gifts, eclectic, unexpected, fun, lifestyle",handbag,f14
102,PaperDolls,Fashion & Apparel,A fashion brand specialising in clothing and accessories for teenage girls.,Sophie Harris,F,"Sydney, Australia",PaperDolls is a new fashion brand specialising in clothing and accessories for teenage girls. Our business focuses on providing quality fashion & apparel products and services with a clear focus on customer experience. We want customers to enjoy a memorable experience and feel confident returning to us.,"I have always loved the playful creativity of fashion and remembered how much fun it was to experiment with clothes and accessories as a teenager. I wanted to create a brand that celebrates that stage of life with designs that are expressive, youthful and easy to wear. PaperDolls grew from the idea of giving teenage girls more ways to show their personality through fashion.","Most mornings are spent checking new fashion arrivals, preparing displays and organising online orders. Throughout the day I help teenage customers experiment with outfits, colours and accessories that let them express their personalities. I also spend time watching youth fashion trends and choosing pieces that feel fun without being difficult to wear.","We're planning to refresh the brand so it feels more relevant to teenage customers, but our current identity doesn't show the playful creativity of our fashion. I need a fun logo and website that make PaperDolls feel expressive, current and easy for young customers to connect with.",I want PaperDolls to become a fun and expressive fashion brand that teenage girls can turn to when they want their clothes to reflect who they are.,"teen fashion, playful, expressive, youthful, trendy, colourful, feminine, individuality",cloth shop (f),f15
103,MooQuack,Fashion & Apparel,A children's fashion brand specialising in clothing designed for young children.,Ella Hayes,F,"Sydney, Australia",MooQuack is a new children's fashion brand specialising in clothing designed for young children. Our business focuses on providing quality fashion & apparel products and services with a clear focus on customer experience. We want customers to enjoy a memorable experience and feel confident returning to us.,"I wanted to create a children's clothing brand that felt playful without sacrificing comfort or practicality. After watching my own family struggle to find clothes that survived busy days while still looking fun, I began designing pieces with active children in mind. MooQuack was created to make getting dressed a little more colourful and a lot more enjoyable.","Each morning begins with checking new children's clothing, organising sizes and preparing orders. Throughout the day I help parents find comfortable outfits that can handle school, play and busy family life while still looking fun. I also spend time checking fabrics and planning colourful new designs that children will actually enjoy wearing.","We're ready to grow the children's clothing brand, but our current identity doesn't communicate the playful personality and practicality behind our products. I want a colourful, memorable logo and website that appeal to both children and parents and make MooQuack easy to recognise.",I want MooQuack to become a memorable children's clothing brand that parents trust and kids enjoy wearing every day.,"children's clothing, playful, colourful, comfort, fun, family, practical, cheerful",cloth shop (m),f16
104,Needful Things,Home & Living,"A homewares business specialising in figurines, ornaments and vases for decorative interiors.",Daniel Jackson,M,"Sydney, Australia","Needful Things is a new homewares business specialising in figurines, ornaments and vases for decorative interiors. Our business focuses on providing quality home & living products and services with a clear focus on customer experience. We want customers to enjoy a memorable experience and feel confident returning to us.","I have always collected small decorative objects because I love how a single figurine or ornament can give a room a completely different personality. Over time, friends began asking where I found my unusual pieces, which gave me the idea to turn my collection into a business. Needful Things was created for people who enjoy filling their homes with objects that have character and meaning.","Most mornings are spent unpacking decorative objects, arranging displays and checking new pieces for damage or quality. During the day I help customers find ornaments, figurines and other objects that suit their homes or have a personal meaning. I also spend time visiting markets and suppliers looking for unusual pieces that customers may not see elsewhere.","We're preparing to expand the business, but our current branding doesn't capture the personality of the unusual objects we sell. I need a distinctive logo and website that make Needful Things feel interesting and memorable, encouraging customers to browse and discover something unexpected.",I want Needful Things to become a destination for people who love discovering unusual objects that give their homes personality and character.,"collectibles, décor, unusual, quirky, vintage, character, discovery, eclectic",crystals shop,m17
105,Tshirt Central,Fashion & Apparel,A fashion brand specialising in printed T-shirts featuring slogans and graphic designs.,Ruby King,F,"Sydney, Australia",Tshirt Central is a new fashion brand specialising in printed T-shirts featuring slogans and graphic designs. Our business focuses on providing quality fashion & apparel products and services with a clear focus on customer experience. We want customers to enjoy a memorable experience and feel confident returning to us.,"I have always loved graphic design, music and the way a simple slogan can say something about the person wearing it. I started creating printed T-shirts for friends and soon realised how much people enjoyed wearing designs that reflected their interests and sense of humour. Tshirt Central grew from that creative hobby into a place for expressive, graphic clothing.","Each morning starts with checking new T-shirt designs, preparing printing orders and organising stock by size and style. Throughout the day I work with customers who want graphic designs, funny messages or artwork that reflects their interests. I also spend time creating new ideas and testing prints so the range stays fresh and expressive.","We're ready to grow beyond custom orders, but our current identity doesn't communicate the creativity and personality of our T-shirts. I want a bold logo and website that make Tshirt Central instantly recognisable and encourage customers to explore designs that reflect who they are.","I want Tshirt Central to become the place people think of when they want graphic clothing that says something about their personality, interests or sense of humour.","T-shirts, graphics, custom, expressive, humour, streetwear, creative, individuality",cloth shop (m),f18
106,ABC Books,Books & Education,A books and education retailer specialising in digital books for readers of all ages.,Samuel Lawson,M,"Sydney, Australia",ABC Books is a new books and education retailer specialising in digital books for readers of all ages. Our business focuses on providing quality books & education products and services with a clear focus on customer experience. We want customers to enjoy a memorable experience and feel confident returning to us.,"I have always loved reading, but I also enjoy the convenience of being able to carry an entire library on a single device. As more people began reading digitally, I wanted to create a business that made discovering and accessing books simple for readers of all ages. ABC Books grew from my belief that a good story should be easy to take with you wherever you go.","Most mornings are spent checking new book releases, organising orders and updating our digital catalogue. Throughout the day I help readers discover books based on their interests, while also making sure digital titles are easy to access and browse. I spend quieter periods researching upcoming releases and creating recommendations for different types of readers.","We're planning to build a stronger identity as a modern book business, but our current branding doesn't communicate how easy and convenient reading can be. I need a clean, memorable logo and website that make ABC Books appealing to both traditional and digital readers.","I want ABC Books to become a trusted destination for readers who want convenient access to great stories, whether they prefer digital or traditional books.","books, digital, reading, stories, accessible, modern, discovery, convenience",book shop,m19
107,BackPack World,Travel & Luggage,A travel-accessories business specialising in backpacks designed for everyday travel and exploration.,Evie Mitchell,F,"Sydney, Australia",BackPack World is a new travel-accessories business specialising in backpacks designed for everyday travel and exploration. Our business focuses on providing quality travel & luggage products and services with a clear focus on customer experience. We want customers to enjoy a memorable experience and feel confident returning to us.,"Travel has always been one of my favourite ways to learn about new places, but I quickly discovered how important a reliable backpack is when you are carrying everything you need. After testing different bags on trips, I started thinking about what would make one genuinely useful for everyday travellers. BackPack World was created to help people find backpacks that are ready for wherever their next journey takes them.","Each morning begins with checking new backpack arrivals, preparing orders and testing bags for comfort and practicality. Throughout the day I help travellers, students and everyday customers compare sizes, compartments and materials based on how they plan to use the bag. I also spend time reviewing new designs and testing products before adding them to the collection.","We're ready to reach more travellers and everyday customers, but our current branding doesn't communicate the practical freedom our products provide. I want a strong logo and website that make BackPack World memorable and help customers imagine where their next backpack could take them.","I want BackPack World to become the brand people think of whenever they need a reliable backpack for travel, study, work or their next adventure.","backpacks, travel, adventure, school, work, practical, durable, versatile",luggage,f20
108,Director's Chair,Home & Living,A furniture business specialising in office and business furniture for professional workspaces.,Sienna Parker,F,"Sydney, Australia",Director's Chair is a new furniture business specialising in office and business furniture for professional workspaces. Our business focuses on providing quality home & living products and services with a clear focus on customer experience. We want customers to enjoy a memorable experience and feel confident returning to us.,"I have spent years working in offices and noticed how much the right furniture can affect concentration, comfort and the way a workplace feels. After helping redesign a few offices, I became interested in creating professional furniture that was practical without looking cold or ordinary. Director's Chair grew from that experience and my belief that workplaces should be comfortable and inspiring.","Most mornings are spent checking furniture deliveries, preparing showroom displays and organising office orders. During the day I help businesses choose desks, chairs and other furniture based on comfort, function and the atmosphere they want to create. I also spend time visiting suppliers and planning new office setups that show customers how the pieces can work together.","We're planning to grow our business furniture range, but our current identity doesn't communicate the quality and professionalism behind our products. I need a sophisticated logo and website that make Director's Chair feel credible and modern, helping businesses feel confident choosing us for their workplace.","I want Director's Chair to become a trusted name for businesses looking for professional furniture that combines comfort, quality and a modern workplace feel.","office furniture, business, professional, ergonomic, modern, productivity, quality, workplace",-,f2
109,BabeOnWheels,Toys & Gifts,"A baby-products business specialising in prams designed for comfort, safety and everyday family use.",Charlie Reed,M,"Sydney, Australia","BabeOnWheels is a new baby-products business specialising in prams designed for comfort, safety and everyday family use. Our business focuses on providing quality toys & gifts products and services with a clear focus on customer experience. We want customers to enjoy a memorable experience and feel confident returning to us.","Becoming a parent made me realise how much thought goes into choosing a pram that is safe, comfortable and easy to use every day. I spent months comparing designs and speaking with other parents before deciding there had to be a better way to bring those qualities together. BabeOnWheels was created to make getting out and about with a baby feel simpler and more enjoyable.","Each morning begins with checking prams and baby products, preparing orders and making sure displays are easy for parents to navigate. Throughout the day I help families compare prams based on safety, storage, comfort and how they travel around. I also spend time testing new designs and listening to parents' feedback so we can keep improving the range.","We're preparing to reach more new parents, but our current branding doesn't communicate the practical support and care behind our products. I want a friendly, trustworthy logo and website that make BabeOnWheels easy to recognise and help parents feel confident when choosing a pram.","I want BabeOnWheels to become a trusted name for parents who want safe, practical and comfortable ways to get out and about with their babies.","baby, prams, parenting, safety, comfort, practical, family, mobility",-,m3
110,EduToys,Toys & Gifts,A children's toy business specialising in educational games and toys for early childhood learning.,Max Robinson,M,"Sydney, Australia",EduToys is a new children's toy business specialising in educational games and toys for early childhood learning. Our business focuses on providing quality toys & gifts products and services with a clear focus on customer experience. We want customers to enjoy a memorable experience and feel confident returning to us.,"I have always believed children learn best when they are having fun, which is why educational games became such an important part of my own family's routine. I started collecting toys that encouraged curiosity, problem-solving and creativity, and eventually decided to create a business around those ideas. EduToys was created to help children learn through play rather than feeling like they are simply doing another lesson.","Most mornings are spent checking new educational toys, preparing orders and testing activities before they go on display. Throughout the day I help parents and teachers choose games that encourage creativity, problem-solving and learning through play. I also spend time researching new ideas and making sure the toys we stock are both enjoyable and genuinely useful.","We're ready to grow the business, but our current branding doesn't clearly communicate the balance between learning and fun that makes our products special. I need a colourful, memorable logo and website that appeal to parents and teachers while making children excited about learning through play.","I want EduToys to become a favourite destination for parents and teachers who want children to learn, explore and develop skills while having fun.","educational toys, learning, children, creativity, STEM, play, development, discovery",-,m5
111,Willow Rose,Fashion & Apparel,A fashion brand specialising in vintage clothing with distinctive styles and timeless character.,Oscar Scott,M,"Sydney, Australia",Willow Rose is a new fashion brand specialising in vintage clothing with distinctive styles and timeless character. Our business focuses on providing quality fashion & apparel products and services with a clear focus on customer experience. We want customers to enjoy a memorable experience and feel confident returning to us.,"I have always been fascinated by vintage clothing and the stories that seem to come with pieces from another era. While searching through markets and old boutiques, I discovered how much character and craftsmanship can be found in clothes that are no longer made today. Willow Rose was created to bring that timeless feeling to people who want fashion with a sense of history.","Each morning begins with checking new vintage arrivals, preparing clothing displays and carefully inspecting pieces for condition. Throughout the day I help customers find garments that suit their style while explaining the details and history that make vintage clothing special. I also spend time visiting markets and sourcing new pieces that have character and a story behind them.","We're planning to rebrand so the business better communicates the character and history behind our vintage clothing. I want an elegant, distinctive logo and website that make Willow Rose memorable and help customers appreciate the stories and craftsmanship behind each piece.","I want Willow Rose to become a destination for people who love vintage fashion and want clothing with history, character and timeless style.","vintage fashion, clothing, heritage, elegant, unique, timeless, character, sustainable",cloth shop (f),m7
112,TimeCastor,Home & Living,A homewares business specialising in antique mantel clocks with traditional character and craftsmanship.,Jacob Turner,M,"Sydney, Australia",TimeCastor is a new homewares business specialising in antique mantel clocks with traditional character and craftsmanship. Our business focuses on providing quality home & living products and services with a clear focus on customer experience. We want customers to enjoy a memorable experience and feel confident returning to us.,My fascination with old clocks began when I inherited a mantel clock from my grandparents and became curious about how it worked. I loved discovering the craftsmanship hidden inside and the way these clocks seemed to carry memories from another time. TimeCastor grew from that curiosity into a business dedicated to preserving and sharing the character of antique timepieces.,"Most mornings are spent checking antique clocks, carefully cleaning pieces and making sure they are keeping time properly. During the day I talk with customers about the history and craftsmanship of different clocks and help them find pieces that suit their homes. I also spend time researching old mechanisms and visiting auctions for interesting new finds.","We're ready to introduce the business to more collectors, but our current identity doesn't communicate the history and craftsmanship of our clocks. I need a distinctive logo and website that make TimeCastor feel authentic and memorable while helping customers understand the value behind each piece.","I want TimeCastor to become a trusted destination for collectors and lovers of antique clocks who appreciate craftsmanship, history and unique stories.","antique clocks, horology, heritage, craftsmanship, collectors, vintage, precision, timeless",-,m11
113,WebCam,Technology & Electronics,"A technology retailer specialising in webcams and computer accessories for work, study and communication.",Hannah Walker,F,"Sydney, Australia","WebCam is a new technology retailer specialising in webcams and computer accessories for work, study and communication. Our business focuses on providing quality products and services with a clear focus on customer experience. We want customers to enjoy a memorable experience and feel confident returning to us.","Working and studying from home made me realise how important a good webcam can be for communicating clearly with other people. I became interested in the difference that better cameras and accessories could make during meetings, lessons and online conversations. WebCam was created to help people find practical technology that makes communicating online easier.","Each morning starts with checking webcams and accessories, preparing online orders and testing new products. Throughout the day I help customers choose equipment for meetings, online classes, streaming or everyday communication, focusing on image quality and ease of use. I also spend time testing compatibility and learning about new technology as it arrives.","We're preparing to grow the business, but our current branding doesn't communicate how much easier good technology can make online communication. I want a modern, approachable logo and website that make WebCam easy to recognise and help customers choose products without feeling overwhelmed by technical details.","I want WebCam to become a trusted technology brand for people who want simple, reliable products that make online communication easier.","webcams, technology, video, communication, streaming, remote work, simple, reliable",-,f12
114,Heart-Shaped Box,Toys & Gifts,A gift and accessories business specialising in music boxes and jewellery boxes with decorative designs.,Liam Wilson,M,"Sydney, Australia",Heart-Shaped Box is a new gift and accessories business specialising in music boxes and jewellery boxes with decorative designs. Our business focuses on providing quality toys & gifts products and services with a clear focus on customer experience. We want customers to enjoy a memorable experience and feel confident returning to us.,Some of my favourite childhood memories involve small music boxes and keepsakes that were given to me on special occasions. I loved how these objects could hold a personal memory long after the event itself had passed. Heart-Shaped Box was created to help people find beautiful gifts and keepsakes that can become part of someone's story.,"Most mornings are spent unpacking new gifts and keepsakes, preparing displays and carefully checking delicate pieces. Throughout the day I help customers choose gifts for birthdays, anniversaries and other moments where they want something meaningful. I also spend time finding new products that feel personal rather than like ordinary gifts.","We're ready to reach more people looking for meaningful gifts, but our current branding doesn't capture the emotion behind the products we sell. I need a warm, memorable logo and website that make Heart-Shaped Box feel special and encourage customers to find gifts that become lasting memories.",I want Heart-Shaped Box to become the place people think of whenever they need a meaningful gift that can become part of a special memory.,"gifts, sentimental, keepsakes, love, meaningful, thoughtful, special occasions, memories",-,m13
115,Kool Games,Gaming & Entertainment,"A gaming retailer specialising in video games, consoles and gaming products for players and collectors.",Charlotte Anderson,F,"Sydney, Australia","Kool Games is a new gaming retailer specialising in video games, consoles and gaming products for players and collectors. Our business focuses on providing quality gaming & entertainment products and services with a clear focus on customer experience. We want customers to enjoy a memorable experience and feel confident returning to us.","I have been playing video games since I was young and still remember the excitement of saving up for a new game or console. As gaming grew from a hobby into a huge community, I wanted to create a store where players and collectors could discover new releases as well as products connected to the games they love. Kool Games grew from that lifelong passion for gaming.","Each morning begins with checking new game releases, organising stock and preparing online orders. Throughout the day I help players choose games, accessories and collectibles based on the platforms and genres they enjoy. I also spend time following gaming news and upcoming releases so I know what our customers will be excited about next.","We're planning to grow the gaming store, but our current identity doesn't reflect the excitement and community surrounding games today. I want a bold, memorable logo and website that make Kool Games instantly recognisable and encourage players to discover new games, accessories and collectibles.","I want Kool Games to become a recognisable destination for gamers who want to discover new games, accessories and collectables in one place.","gaming, video games, collectibles, players, entertainment, community, accessories, fun",video games,f14
116,Perfect Antique,Home & Living,An antique business specialising in small collectables such as ceramics and decorative pieces.,Noah Bennett,M,"Sydney, Australia",Perfect Antique is a new antique business specialising in small collectables such as ceramics and decorative pieces. Our business focuses on providing quality home & living products and services with a clear focus on customer experience. We want customers to enjoy a memorable experience and feel confident returning to us.,"I have always enjoyed visiting antique markets and finding small objects that reveal something about the people and places they came from. Ceramics, ornaments and little collectables often have stories that are just as interesting as their appearance. Perfect Antique was created to help collectors and curious shoppers discover pieces with character and history.","Most mornings are spent checking new antique finds, cleaning pieces and researching their history before putting them on display. Throughout the day I speak with collectors and curious visitors about the stories and craftsmanship behind different objects. I also spend time visiting markets and auctions looking for unusual pieces that are worth preserving.","We're preparing to rebrand so customers can better understand the history and character behind our antiques. I need a distinctive logo and website that make Perfect Antique feel trustworthy and intriguing, encouraging collectors and curious visitors to discover the stories behind each piece.","I want Perfect Antique to become a destination collectors recommend whenever someone is looking for an antique with character, craftsmanship and a story.","antiques, collectors, heritage, craftsmanship, history, rare, authentic, timeless",-,m15
117,Little Dragons,Fashion & Apparel,A children's fashion brand specialising in clothing designed for young children.,Amelia Carter,F,"Sydney, Australia",Little Dragons is a new children's fashion brand specialising in clothing designed for young children. Our business focuses on providing quality fashion & apparel products and services with a clear focus on customer experience. We want customers to enjoy a memorable experience and feel confident returning to us.,"I have always loved the energy and imagination children bring to the way they dress, and I wanted to create clothing that could keep up with them. After seeing how quickly children outgrow clothes and how hard it can be to find pieces that are both practical and fun, I started developing my own ideas. Little Dragons was created to make children's fashion comfortable, playful and full of personality.","Each morning begins with checking new children's clothing, organising sizes and preparing orders for families. Throughout the day I help parents find comfortable, practical outfits that children can move and play in while still showing some personality. I also spend time selecting colourful new designs and checking fabrics for durability and comfort.","We're ready to grow the children's clothing brand, but our current branding doesn't communicate the playful energy and comfort we want to provide. I want a colourful logo and website that appeal to children and parents while making Little Dragons easy to remember.","I want Little Dragons to become a children's clothing brand that families trust for comfortable clothes that are practical, colourful and full of personality.","children's clothing, playful, colourful, comfort, family, durable, fun, imaginative",cloth shop (m),f16
118,Cinderella,Party & Events,"A party and events business specialising in costume hire for celebrations, parties and themed events.",Ethan Collins,M,"Sydney, Australia","Cinderella is a new party and events business specialising in costume hire for celebrations, parties and themed events. Our business focuses on providing quality party & events products and services with a clear focus on customer experience. We want customers to enjoy a memorable experience and feel confident returning to us.","I have always loved the transformation that happens when someone puts on a costume and suddenly becomes a completely different character. After helping friends prepare for themed parties, I realised how much fun people could have if they had access to a wider range of costumes without having to buy them. Cinderella was created to make dressing up and celebrating easier for everyone.","Most mornings are spent checking costumes, organising sizes and preparing outfits for upcoming hires. Throughout the day I help customers choose costumes for parties, performances and themed events, making sure each outfit is comfortable and complete. I also spend time cleaning, repairing and preparing costumes so they are ready for the next person to bring to life.","We're planning to expand our costume-hire business, but our current identity doesn't capture the imagination and fun of dressing up. I need a memorable logo and website that make Cinderella feel exciting and easy to use, helping customers find the perfect costume for their next event.","I want Cinderella to become the place people think of whenever they need a memorable costume for a party, performance or special event.","costumes, dress-up, theatre, parties, fantasy, transformation, creative, fun",party shop,m17
119,Backyard Worms,Home & Garden,A home and garden business specialising in worm farms for sustainable household gardening and composting.,Ava Dawson,F,"Sydney, Australia",Backyard Worms is a new home and garden business specialising in worm farms for sustainable household gardening and composting. Our business focuses on providing quality home & garden products and services with a clear focus on customer experience. We want customers to enjoy a memorable experience and feel confident returning to us.,I became interested in worm farms after learning how much food waste from an ordinary household could be turned into useful compost. Setting up my first worm farm showed me that even a small garden could become more sustainable with a little effort. Backyard Worms was created to help other households reduce waste while growing healthier gardens.,"Each morning begins with checking worm farms, preparing supplies and making sure our worms are healthy and active. Throughout the day I help customers choose the right setup for their homes and explain how food scraps can be turned into useful compost. I also spend time maintaining demonstration systems and developing simple guides for people starting their first worm farm.","We're ready to reach more households and gardeners, but our current branding doesn't communicate how simple and useful worm farming can be. I want a friendly, memorable logo and website that make Backyard Worms approachable and encourage more people to turn their food waste into something useful.",I want Backyard Worms to become a trusted name for households and gardeners who want a simple way to reduce food waste and create useful compost.,"worm farming, composting, sustainability, gardening, food waste, eco-friendly, natural, practical",plant pots,f18
120,Mondrian,Arts & Crafts,"An art-supplies business specialising in materials and tools for drawing, painting and creative projects.",Henry Edwards,M,"Sydney, Australia","Mondrian is a new art-supplies business specialising in materials and tools for drawing, painting and creative projects. Our business focuses on providing quality arts & crafts products and services with a clear focus on customer experience. We want customers to enjoy a memorable experience and feel confident returning to us.","Art has always been part of my life, and I have spent years trying different paints, brushes, papers and creative techniques. Along the way I discovered how exciting it is to find a new tool that changes the way you create. Mondrian was created to give artists, students and curious beginners a place to discover materials that encourage experimentation.","Most mornings are spent checking art materials, preparing orders and testing new products in the studio. Throughout the day I help artists and students choose paints, brushes, papers and other supplies based on what they want to create. I also spend time experimenting with different materials so I can recommend products from personal experience.","We're planning to grow the art-supply business, but our current identity doesn't communicate the creativity and experimentation behind our products. I need an artistic, memorable logo and website that make Mondrian appealing to both experienced artists and beginners looking for inspiration.",I want Mondrian to become an inspiring destination for artists and students who want quality materials that encourage creativity and experimentation.,"art supplies, painting, creativity, colour, artists, studio, experimentation, inspiration",art tools,m19
121,Cuddly,Toys & Gifts,"A baby-products business specialising in clothing, accessories and everyday essentials for babies.",Emily Foster,F,"Sydney, Australia","Cuddly is a new baby-products business specialising in clothing, accessories and everyday essentials for babies. Our business focuses on providing quality toys & gifts products and services with a clear focus on customer experience. We want customers to enjoy a memorable experience and feel confident returning to us.","I have always loved the tiny clothes and accessories made for babies and how quickly they can turn an ordinary moment into something memorable. After helping friends prepare for their new babies, I realised how useful it would be to have a collection focused on comfort, practicality and softness. Cuddly was created to make those early days a little easier and more enjoyable for families.","Each morning begins with checking baby clothing, organising sizes and carefully preparing orders. Throughout the day I help parents and families choose soft, comfortable outfits that are practical for everyday life with a baby. I also spend time checking fabrics and looking for new designs that are gentle, useful and special enough to become keepsakes.","We're ready to reach more new parents, but our current branding doesn't communicate the softness, comfort and care behind our baby clothing. I want a gentle, memorable logo and website that make Cuddly feel trustworthy and help parents quickly understand what makes our products special.","I want Cuddly to become a trusted baby clothing brand known for soft, comfortable and beautiful pieces that make the early years feel special.","baby clothing, soft, comfort, newborns, gentle, cosy, quality, family",-,f20
122,My Secret,Fashion & Apparel,"A fashion business specialising in lingerie designed for comfort, style and everyday wear.",Ella Harris,F,"Sydney, Australia","My Secret is a new fashion business specialising in lingerie designed for comfort, style and everyday wear. Our business focuses on providing quality fashion & apparel products and services with a clear focus on customer experience. We want customers to enjoy a memorable experience and feel confident returning to us.","I wanted to create a lingerie brand that focused on how women actually feel wearing the clothes rather than simply following fashion trends. After years of trying different styles, I learnt that comfort, fit and confidence are just as important as appearance. My Secret was created to offer pieces that help women feel comfortable, confident and completely themselves.","Most mornings are spent checking new lingerie arrivals, preparing displays and organising customer orders. Throughout the day I help women find pieces that feel comfortable and fit well while also matching their personal style. I also spend time reviewing fabrics, fits and new designs so the collection remains focused on confidence as well as appearance.","We're planning to rebrand so the business feels more confident, modern and welcoming, but our current identity doesn't communicate the balance of comfort and style we want. I need a sophisticated logo and website that make My Secret feel personal and empowering to the women we want to reach.","I want My Secret to become a lingerie brand women associate with comfort, confidence and feeling completely comfortable being themselves.","lingerie, confidence, comfort, feminine, intimate, elegant, self-expression, modern",fashion shop,f1
123,FastFlowers,Flowers & Gifts,"A florist specialising in fast flower delivery for gifts, celebrations and special occasions.",Chloe Hayes,F,"Sydney, Australia","FastFlowers is a new florist specialising in fast flower delivery for gifts, celebrations and special occasions. Our business focuses on providing quality flowers & gifts products and services with a clear focus on customer experience. We want customers to enjoy a memorable experience and feel confident returning to us.","Flowers have always been my favourite way to make someone's day brighter, but I noticed that people often decide they want flowers at the last minute. I wanted to create a florist that could respond quickly without losing the care and beauty of a thoughtful arrangement. FastFlowers grew from the idea that sending something beautiful should be simple, even when the decision happens at short notice.","Each morning starts with selecting fresh flowers, preparing quick-turnaround arrangements and checking the day's delivery schedule. Throughout the day I create bouquets for last-minute orders as well as planned occasions, making sure speed never means losing attention to detail. I also spend time organising deliveries and keeping our flowers fresh so every arrangement arrives looking its best.","We're ready to grow our flower-delivery service, but our current branding doesn't communicate the speed and care that make us different. I want a bright, memorable logo and website that make FastFlowers easy to recognise and show customers that beautiful flowers can still be delivered quickly.",I want FastFlowers to become the florist people think of when they need beautiful flowers quickly without feeling like they have compromised on care or quality.,"flowers, delivery, fast, fresh, bouquets, convenience, thoughtful, reliable",florist shop,f2
124,SpicyMama,Food & Beverage,"A Brazilian restaurant specialising in barbecue, grilled meats and vibrant traditional flavours.",Alexander Jackson,M,"Sydney, Australia","SpicyMama is a new Brazilian restaurant specialising in barbecue, grilled meats and vibrant traditional flavours. Our business focuses on providing quality food & beverage products and services with a clear focus on customer experience. We want customers to enjoy a memorable experience and feel confident returning to us.","My love of Brazilian food began with family gatherings where barbecue, music and conversation could continue for hours. I wanted to recreate that generous atmosphere and introduce more people to the flavours and traditions I grew up enjoying. SpicyMama was created as a place where great grilled food and a lively social experience could come together.","Most mornings are spent preparing fresh meat, marinades, spices and side dishes before opening. Throughout the day I move between the kitchen and dining area, making sure the food is cooked properly and customers feel welcome. Evenings are usually the busiest, with groups sharing Brazilian-style meals, conversation and a lively atmosphere.","We're preparing to grow the restaurant, but our current identity doesn't capture the warmth, energy and bold flavours behind our food. I need a memorable logo and website that make SpicyMama stand out and give customers a taste of the experience before they visit.","I want SpicyMama to become a restaurant people recommend whenever they want bold Brazilian flavours, generous food and a lively atmosphere.","Brazilian food, spicy, bold, lively, authentic, sharing, family, flavour",restaurant,m3
125,FullHand,Toys & Gifts,A gaming and card-products business specialising in playing cards designed for poker and other card games.,Lily King,F,"Sydney, Australia",FullHand is a new gaming and card-products business specialising in playing cards designed for poker and other card games. Our business focuses on providing quality toys & gifts products and services with a clear focus on customer experience. We want customers to enjoy a memorable experience and feel confident returning to us.,"I have always loved card games and the small rituals around sitting down with friends for a game of poker or cards. Over time I became interested in the artwork, quality and feel of different decks, not just the games themselves. FullHand was created for players who appreciate a good deck of cards and want something that feels special in their hands.","Each morning begins with checking our card decks, preparing orders and making sure new designs are ready to show customers. Throughout the day I talk with players and collectors about different decks, card quality and artwork, while also helping beginners choose something suitable. I spend quieter periods researching new designs and testing the feel of different cards myself.","We're ready to reach more card players and collectors, but our current branding doesn't communicate the quality and personality behind our decks. I want a bold, memorable logo and website that make FullHand feel distinctive and help customers discover cards they will genuinely enjoy using.","I want FullHand to become a recognisable name for card players and collectors who appreciate quality decks, great artwork and the feeling of a good game.","card games, playing cards, collectors, artwork, quality, tabletop, strategy, community",video games,f4
126,Wanted,Home & Living,"A homewares business specialising in figurines, ornaments and vases for decorative interiors.",Benjamin Lawson,M,"Sydney, Australia","Wanted is a new homewares business specialising in figurines, ornaments and vases for decorative interiors. Our business focuses on providing quality home & living products and services with a clear focus on customer experience. We want customers to enjoy a memorable experience and feel confident returning to us.","I have always enjoyed collecting decorative objects because they can turn an ordinary room into a space that feels personal. Figurines, ornaments and vases caught my attention because each piece can add a little story or personality to a home. Wanted was created to help people discover decorative pieces that make their spaces feel more like their own.","Most mornings are spent unpacking decorative pieces, arranging displays and checking new objects for quality. Throughout the day I help customers find ornaments, figurines and other items that suit their homes or catch their attention simply because they are unusual. I also spend time sourcing new pieces that have a strong personality and give customers something interesting to discover.","We're planning to give the business a stronger identity, but our current branding doesn't capture the fun of finding unusual decorative pieces. I want a distinctive logo and website that make Wanted memorable and encourage customers to browse, explore and find something that feels uniquely theirs.",I want Wanted to become a destination for people who love finding unusual decorative pieces that make their homes feel personal and different.,"décor, unusual, quirky, collectibles, character, discovery, eclectic, statement",-,m5
127,Paperback,Books & Education,A bookstore specialising in paperback books across a range of genres and interests.,Sienna Mitchell,F,"Sydney, Australia",Paperback is a new bookstore specialising in paperback books across a range of genres and interests. Our business focuses on providing quality books & education products and services with a clear focus on customer experience. We want customers to enjoy a memorable experience and feel confident returning to us.,"I have always believed there is something special about holding a physical book, turning the pages and discovering a story at your own pace. I started collecting paperbacks because they were affordable, easy to share and could travel almost anywhere. Paperback was created to celebrate that simple pleasure and help readers discover their next great story.","Each morning begins with sorting new paperback arrivals, organising shelves and preparing online orders. Throughout the day I help readers find affordable books based on their favourite genres and authors, and I enjoy talking with regular customers about what they have been reading. I also spend time searching for interesting titles that deserve another chance on the shelf.","We're ready to grow the bookstore, but our current branding doesn't communicate the simple pleasure and affordability of physical books. I need a warm, memorable logo and website that make Paperback feel welcoming to readers and encourage people to discover their next story.",I want Paperback to become the friendly bookshop people think of when they want affordable physical books and another great story to take home.,"books, paperback, reading, affordable, bookstore, stories, cosy, discovery",book shop,f6
128,Oyster,Jewellery & Accessories,A jewellery business specialising in pearl necklaces with classic and elegant designs.,Leo Parker,M,"Sydney, Australia",Oyster is a new jewellery business specialising in pearl necklaces with classic and elegant designs. Our business focuses on providing quality jewellery & accessories products and services with a clear focus on customer experience. We want customers to enjoy a memorable experience and feel confident returning to us.,"I have always loved the quiet elegance of pearl jewellery and the way it can feel both classic and modern. After learning more about how pearls are selected and matched, I wanted to create a collection that focused on quality and timeless design. Oyster grew from my appreciation for jewellery that can be worn for years and passed on as something meaningful.","Most mornings are spent checking pearl jewellery, inspecting each piece and preparing the displays. Throughout the day I help customers compare pearl colours, shapes and jewellery styles for everyday wear or special occasions. I also spend time working with suppliers and selecting pieces that meet the quality and timeless style I want the collection to represent.","We're planning to build a stronger jewellery identity, but our current branding doesn't communicate the timeless quality of our pearl pieces. I want an elegant logo and website that make Oyster feel sophisticated and trustworthy, helping customers see our jewellery as something worth keeping.",I want Oyster to become a jewellery brand associated with timeless pearl pieces that feel elegant enough for special occasions and meaningful enough to keep.,"pearls, jewellery, elegance, classic, timeless, luxury, refined, sophistication",rings,m7
129,Fishy Bites,Food & Beverage,A seafood restaurant specialising in fresh seafood dishes and relaxed dining.,Oscar Robinson,M,"Sydney, Australia",Fishy Bites is a new seafood restaurant specialising in fresh seafood dishes and relaxed dining. Our business focuses on providing quality food & beverage products and services with a clear focus on customer experience. We want customers to enjoy a memorable experience and feel confident returning to us.,"Growing up near the coast, seafood was always part of family meals and weekend outings. I loved visiting fish markets, choosing the freshest catch and seeing how simple ingredients could become something memorable around the dinner table. Fishy Bites was created to share that appreciation for fresh seafood through relaxed, enjoyable dining.","Each morning starts with selecting fresh seafood and preparing ingredients before the kitchen gets busy. Lunch brings in families, workers and visitors looking for a relaxed seafood meal, while evenings are often filled with friends and groups. Throughout the day I check dishes and service closely so every customer gets fresh food and a welcoming experience.","We're ready to introduce the restaurant to more customers, but our current branding doesn't communicate the freshness and relaxed atmosphere behind our seafood. I need a memorable logo and website that make Fishy Bites stand out and encourage people to choose us when they want fresh, enjoyable seafood.",I want Fishy Bites to become the restaurant people think of whenever they want fresh seafood served in a relaxed and friendly atmosphere.,"seafood, fresh, coastal, casual, fish, family, relaxed, flavour",restaurant,m9
130,Yellow Submarine,Fashion & Apparel,A children's fashion brand specialising in clothing designed for young children.,Lucy Scott,F,"Sydney, Australia",Yellow Submarine is a new children's fashion brand specialising in clothing designed for young children. Our business focuses on providing quality fashion & apparel products and services with a clear focus on customer experience. We want customers to enjoy a memorable experience and feel confident returning to us.,"I have always loved the imagination that children bring to clothing, especially when a simple outfit can become part of a game or adventure. I wanted to create a children's brand that was colourful, comfortable and practical enough for busy everyday life. Yellow Submarine grew from the idea of making children's clothes feel as fun as the people wearing them.","Most mornings are spent checking new children's clothing, organising sizes and preparing orders. Throughout the day I help parents find colourful outfits that are comfortable enough for play and practical enough for everyday life. I also spend time choosing new designs that let children have a little fun with what they wear.","We're planning to grow the children's clothing brand, but our current identity doesn't communicate the playful personality and everyday practicality of our clothes. I want a colourful logo and website that make Yellow Submarine memorable to children while giving parents confidence in the products.","I want Yellow Submarine to become a children's clothing brand that brings colour, comfort and a sense of fun to everyday outfits.","children's clothing, colourful, playful, comfort, fun, family, cheerful, imaginative",cloth shop (m),f10
131,Toasted,Food & Beverage,"A café specialising in breakfast food, coffee and relaxed morning dining.",Harrison Turner,M,"Sydney, Australia","Toasted is a new café specialising in breakfast food, coffee and relaxed morning dining. Our business focuses on providing quality food & beverage products and services with a clear focus on customer experience. We want customers to enjoy a memorable experience and feel confident returning to us.","Some of my favourite mornings have always started with the smell of fresh coffee and a warm breakfast. I wanted to create a café where people could take their time, enjoy simple food done well and start the day feeling looked after. Toasted grew from that love of relaxed mornings and the belief that breakfast should be something to look forward to.","Each morning begins with preparing fresh bread, coffee and breakfast ingredients before the first customers arrive. The early hours are usually busy with people grabbing breakfast, while later in the morning the café becomes a more relaxed place for friends and families. Throughout the day I keep an eye on the kitchen and front counter so every customer receives warm food and friendly service.","We're ready to grow the café, but our current branding doesn't capture the warmth and relaxed feeling behind our breakfast experience. I need a friendly, memorable logo and website that make Toasted recognisable and encourage people to choose us when they want a great start to the day.","I want Toasted to become the café people think of whenever they want a relaxed breakfast, great coffee and a warm start to the day.","breakfast, café, toast, coffee, fresh, warm, casual, welcoming",cafe,m11
132,Existence,Fashion & Apparel,"A fashion brand specialising in designer clothing for older women with an elegant, sophisticated style.",Maya Walker,F,"Sydney, Australia","Existence is a new fashion brand specialising in designer clothing for older women with an elegant, sophisticated style. Our business focuses on providing quality fashion & apparel products and services with a clear focus on customer experience. We want customers to enjoy a memorable experience and feel confident returning to us.","As I got older, I became increasingly frustrated by fashion that seemed to focus only on younger customers. I wanted to create clothing that celebrated experience, confidence and personal style without sacrificing modern design. Existence was created for women who want elegant, sophisticated pieces that reflect who they are now.","Most mornings are spent checking new clothing arrivals, preparing displays and organising customer orders. Throughout the day I help women choose outfits that suit their lifestyle, age and personal style, focusing on confidence rather than following every trend. I also spend time selecting sophisticated new pieces that feel modern while still being comfortable and wearable.","We're planning to reposition the brand, but our current identity doesn't communicate the confidence and sophistication we want to offer women. I need an elegant logo and website that make Existence feel modern and memorable, showing customers that style can become more personal with age.",I want Existence to become a fashion brand that celebrates confident women who want modern style without feeling like they have to dress for someone else's expectations.,"womenswear, mature style, confidence, sophisticated, modern, elegant, timeless, individuality",cloth shop (f),f12
133,Forbidden,Fashion & Apparel,"A fashion brand specialising in women's designer shoes and boots with a stylish, premium look.",Olivia Wilson,F,"Sydney, Australia","Forbidden is a new fashion brand specialising in women's designer shoes and boots with a stylish, premium look. Our business focuses on providing quality fashion & apparel products and services with a clear focus on customer experience. We want customers to enjoy a memorable experience and feel confident returning to us.","I have always believed that the right shoes can completely change the feeling of an outfit, especially when the design has a little more personality. After searching for women's footwear that felt both sophisticated and distinctive, I decided to create my own collection. Forbidden grew from a desire to make beautiful shoes and boots that people would feel confident wearing.","Each morning begins with checking new footwear arrivals, preparing displays and organising sizes. Throughout the day I help customers find shoes and boots that feel distinctive while still being practical enough to wear. I also spend time reviewing new designs, materials and trends so the collection continues to feel stylish without becoming predictable.","We're ready to grow the footwear brand, but our current branding doesn't communicate the distinctive style and confidence behind our products. I want a bold, sophisticated logo and website that make Forbidden stand out and encourage customers to see our footwear as something special.",I want Forbidden to become a distinctive footwear brand for women who want stylish shoes and boots that help them feel confident and stand out.,"women's footwear, bold, fashion, distinctive, stylish, confidence, statement, modern",fashion shop,f13
134,Magyk,Party & Events,"A party and events business specialising in costume hire for celebrations, parties and themed events.",Amelia Anderson,F,"Sydney, Australia","Magyk is a new party and events business specialising in costume hire for celebrations, parties and themed events. Our business focuses on providing quality party & events products and services with a clear focus on customer experience. We want customers to enjoy a memorable experience and feel confident returning to us.","I have always loved the magic of dressing up, especially when a costume can completely change the atmosphere of a party. After helping friends find costumes for themed events, I realised how difficult it can be to find something memorable without spending a fortune on an outfit you may only wear once. Magyk was created to make costume hire more accessible and more fun.","Most mornings are spent checking costumes, organising bookings and preparing outfits for customers who are collecting or returning hires. Throughout the day I help people find costumes that match their themes and personalities, then make sure each outfit is ready to wear. Between customers I clean, repair and improve costumes so they can be enjoyed again and again.","We're planning to expand the costume-hire business, but our current identity doesn't capture the imagination and excitement of transforming into someone else. I need a magical, memorable logo and website that make Magyk easy to recognise and encourage customers to start planning their next costume.","I want Magyk to become the place people think of whenever they want to transform themselves for a party, event or night of imaginative fun.","costumes, fantasy, dress-up, transformation, imagination, theatre, magical, creative",party shop,f14
135,TimeSplash,Sports & Recreation,"A specialist sports retailer specialising in underwater watches, cameras and equipment for water-based activities.",Oliver Bennett,M,"Sydney, Australia","TimeSplash is a new specialist sports retailer specialising in underwater watches, cameras and equipment for water-based activities. Our business focuses on providing quality sports & recreation products and services with a clear focus on customer experience. We want customers to enjoy a memorable experience and feel confident returning to us.","My fascination with underwater activities began when I started diving and wanted better ways to record and track my time below the surface. I discovered how useful specialised watches, cameras and equipment could be, and eventually started helping other water enthusiasts find the right gear. TimeSplash grew from that passion for exploring and documenting the underwater world.","Each morning begins with checking diving equipment, testing watches and cameras and preparing customer orders. Throughout the day I help divers compare equipment based on the type of water activities they enjoy and the conditions they will be in. I also spend time testing new technology and keeping track of developments that could make underwater adventures safer or more enjoyable.","We're ready to grow the diving-equipment business, but our current identity doesn't communicate the specialist technology and adventure behind our products. I want a strong logo and website that make TimeSplash feel trustworthy and exciting, helping divers find equipment they can rely on underwater.",I want TimeSplash to become a trusted name for divers and water enthusiasts who want reliable technology and equipment for their underwater adventures.,"diving, underwater, technology, watches, cameras, adventure, performance, specialist",-,m15
136,Sicilian,Food & Beverage,"An Italian restaurant specialising in traditional Italian dishes, fresh ingredients and relaxed dining.",Isla Carter,F,"Sydney, Australia","Sicilian is a new Italian restaurant specialising in traditional Italian dishes, fresh ingredients and relaxed dining. Our business focuses on providing quality food & beverage products and services with a clear focus on customer experience. We want customers to enjoy a memorable experience and feel confident returning to us.","My love of Italian food started with family meals where simple ingredients were treated with care and everyone gathered around the table. After travelling through Italy and learning more about regional cooking, I wanted to recreate that warmth and simplicity at home. Sicilian was created to share traditional Italian flavours in a relaxed restaurant where food brings people together.","Most mornings are spent preparing fresh pasta, sauces, herbs and other ingredients before service begins. Lunch brings in people looking for a relaxed Italian meal, while evenings are usually filled with families, couples and groups sharing dishes around the table. Throughout the day I work closely with the kitchen team to make sure the food feels generous, fresh and true to the flavours we love.","We're preparing to introduce the restaurant to a wider audience, but our current branding doesn't communicate the warmth and simplicity of the Italian food we serve. I need an inviting logo and website that make Sicilian memorable and encourage customers to experience the flavours and atmosphere for themselves.","I want Sicilian to become the restaurant people think of whenever they want warm hospitality and simple, authentic Italian food shared around a table.","Italian food, Sicily, authentic, pasta, family, traditional, warm, sharing",restaurant,f16
137,BestBody,Sports & Recreation,"A fitness business specialising in gym facilities, exercise equipment and training for active lifestyles.",Lucas Collins,M,"Sydney, Australia","BestBody is a new fitness business specialising in gym facilities, exercise equipment and training for active lifestyles. Our business focuses on providing quality sports & recreation products and services with a clear focus on customer experience. We want customers to enjoy a memorable experience and feel confident returning to us.","Fitness became important to me when I realised how much better I felt after making regular exercise part of my routine. I wanted to create a gym that felt welcoming to people at different stages rather than intimidating to anyone just starting out. BestBody was created to give people a place to build strength, confidence and healthier habits at their own pace.","Each morning begins by preparing the gym, checking equipment and welcoming the first members. Throughout the day people come in for individual workouts, classes and personal training, and I spend time helping new members understand how to use the equipment safely. I also check the gym regularly and talk with members about their progress so the environment stays welcoming and motivating.","We're ready to grow the gym, but our current identity doesn't communicate how welcoming we want the experience to be for people at every fitness level. I want a bold but approachable logo and website that make BestBody feel motivating rather than intimidating and encourage new members to take the first step.","I want BestBody to become a welcoming fitness brand where people of all experience levels feel motivated to become stronger, healthier and more confident.","fitness, gym, health, strength, wellness, confidence, training, community",-,m17
138,Aquareme,Pet Care,"A pet shop specialising in exotic fish, aquariums and specialist fish-keeping supplies.",Grace Dawson,F,"Sydney, Australia","Aquareme is a new pet shop specialising in exotic fish, aquariums and specialist fish-keeping supplies. Our business focuses on providing quality pet care products and services with a clear focus on customer experience. We want customers to enjoy a memorable experience and feel confident returning to us.","My interest in fish keeping began with a small aquarium and quickly grew into a fascination with creating healthy underwater environments. I spent years learning about different species, water conditions and aquarium design before deciding to turn that hobby into a business. Aquareme was created to help fish keepers build beautiful aquariums while giving their animals the care they need.","Most mornings are spent checking aquarium displays, testing water conditions and caring for the fish and plants. Throughout the day I help customers choose equipment, food and livestock based on the type of aquarium they want to create. I also spend time maintaining demonstration tanks and researching better ways to keep aquatic environments healthy.","We're planning to grow the specialist aquarium business, but our current branding doesn't communicate the expertise and care behind our products and advice. I need a strong logo and website that make Aquareme feel trustworthy and inspiring to fish keepers who want to create healthy, beautiful aquariums.","I want Aquareme to become a trusted destination for aquarium enthusiasts who want expert advice, quality products and beautiful aquatic environments.","aquarium, fish, specialist, aquatic, expertise, healthy, underwater, premium",-,f18
139,Beaubies,Fashion & Apparel,A children's fashion brand specialising in clothing for babies and young children.,Jack Edwards,M,"Sydney, Australia",Beaubies is a new children's fashion brand specialising in clothing for babies and young children. Our business focuses on providing quality fashion & apparel products and services with a clear focus on customer experience. We want customers to enjoy a memorable experience and feel confident returning to us.,"I have always loved the tiny details of baby clothing, from soft fabrics to little designs that make an outfit feel special. After helping friends shop for newborns and young children, I realised how much parents value clothing that is comfortable, practical and beautiful at the same time. Beaubies was created to make those early years a little more colourful and memorable.","Each morning begins with checking new baby clothing, organising sizes and preparing online orders. Throughout the day I help parents choose soft, practical outfits for newborns and young children, often considering how easy they are to put on and wash. I also spend time checking fabrics and selecting new designs that make everyday baby clothing feel a little more special.","We're ready to reach more families, but our current branding doesn't communicate the softness, quality and special feeling behind our baby clothing. I want a gentle, memorable logo and website that make Beaubies feel trustworthy and help parents quickly see what makes our range different.","I want Beaubies to become a trusted baby clothing brand that parents think of when they want soft, practical clothes that still feel special.","baby clothing, soft, beautiful, comfort, newborns, quality, gentle, family",cloth shop (f),m19
140,Clotheshorse,Fashion & Apparel,A children's and youth fashion brand specialising in clothing for young children through to teenagers.,Sophie Foster,F,"Sydney, Australia",Clotheshorse is a new children's and youth fashion brand specialising in clothing for young children through to teenagers. Our business focuses on providing quality fashion & apparel products and services with a clear focus on customer experience. We want customers to enjoy a memorable experience and feel confident returning to us.,"I have always believed children and teenagers should be able to experiment with fashion and develop their own sense of style as they grow. After seeing how quickly young people move between different interests and stages, I wanted to create a brand that could offer clothing for that whole journey. Clotheshorse was created to make growing up a little more expressive, comfortable and fun.","Most mornings are spent checking new children's and teen clothing, organising displays and preparing customer orders. Throughout the day I help young customers and parents find clothes that suit changing tastes, sizes and stages of growing up. I also spend time following youth fashion and selecting pieces that are comfortable enough for everyday life while still letting young people express themselves.","We're planning to rebrand so the business better connects with children, teenagers and their parents, but our current identity doesn't communicate how much choice and personality we offer. I need a fresh, flexible logo and website that make Clotheshorse feel modern, approachable and relevant as young customers grow.","I want Clotheshorse to become a recognisable destination for children and teenagers who want comfortable, current clothing that lets them express who they are.","youth fashion, children, teenagers, clothing, trendy, comfortable, expressive, modern",cloth shop (m),f20